date,change_perc1,change_perc2,open,high,low,close,avg,volume_match,volume_reconcile,adjust,change_perc,value_match,value_reconcile,Unnamed: 0
04/04/2022,,,0,11.50,11.50,11.50,0.00 (0.00 %),,0,11.50,11.50,0,0,
01/04/2022,,,0,12.80,11.8,11.40,-1.40 (-10.94 %),,3460000,11.40,11.40,300,0,
31/03/2022,,,0,11.20,12.80,12.80,1.60 (14.29 %),,2560000,12.80,12.80,200,0,
30/03/2022,,,0,11.2,11.2,11.2,0.00 (0.00 %),,0,11.2,11.2,0,0,
29/03/2022,,,0,12.0,11.3,11.2,-0.80 (-6.67 %),,10120000,11.2,11.2,900,0,
28/03/2022,,,0,11.3,12.8,11.6,0.30 (2.65 %),,3600000,11.6,11.6,300,0,
25/03/2022,,,0,11.2,11.3,11.3,0.10 (0.89 %),,1130000,11.3,11.3,100,0,
24/03/2022,,,0,11.2,11.2,11.2,0.00 (0.00 %),,0,11.2,11.2,0,0,
23/03/2022,,,0,12.6,11.3,11.2,-1.40 (-11.11 %),,15690000,11.2,11.2,1400,0,
22/03/2022,,,0,11.1,11.2,12.7,1.60 (14.41 %),,15060000,12.7,12.7,1200,0,
21/03/2022,,,0,11.1,11.1,11.1,0.00 (0.00 %),,0,11.1,11.1,0,0,
18/03/2022,,,0,11.1,11.1,11.1,0.00 (0.00 %),,0,11.1,11.1,0,0,
17/03/2022,,,0,11.1,11.1,11.1,0.00 (0.00 %),,0,11.1,11.1,0,0,
16/03/2022,,,0,11.1,11.1,11.1,0.00 (0.00 %),,0,11.1,11.1,0,0,
15/03/2022,,,0,11.1,11.1,11.1,0.00 (0.00 %),,0,11.1,11.1,0,0,
14/03/2022,,,0,11.1,11.1,11.1,0.00 (0.00 %),,0,11.1,11.1,0,0,
11/03/2022,,,0,11.1,11.1,11.1,0.00 (0.00 %),,0,11.1,11.1,0,0,
10/03/2022,,,0,11.1,11.1,11.1,0.00 (0.00 %),,0,11.1,11.1,0,0,
09/03/2022,,,0,11.1,11.1,11.1,0.00 (0.00 %),,0,11.1,11.1,0,0,
08/03/2022,,,0,12.8,11.1,11.1,-1.70 (-13.28 %),,1110000,11.1,11.1,100,0,
07/03/2022,,,0,12.8,12.8,12.8,0.00 (0.00 %),,0,12.8,12.8,0,0,
04/03/2022,,,0,12.8,12.8,12.8,0.00 (0.00 %),,0,12.8,12.8,0,0,
03/03/2022,,,0,12.9,12.8,12.8,-0.10 (-0.78 %),,10240000,12.8,12.8,800,0,
02/03/2022,,,0,12.7,12.9,12.9,0.20 (1.57 %),,1290000,12.9,12.9,100,0,
01/03/2022,,,0,12.8,12.7,12.7,-0.10 (-0.78 %),,5080000,12.7,12.7,400,0,
28/02/2022,,,0,11.6,12.8,12.8,1.20 (10.34 %),,1280000,12.8,12.8,100,0,
25/02/2022,,,0,11.6,11.6,11.6,0.00 (0.00 %),,0,11.6,11.6,0,0,
24/02/2022,,,0,11.6,11.6,11.6,0.00 (0.00 %),,0,11.6,11.6,0,0,
23/02/2022,,,0,10.1,11.6,11.6,1.50 (14.85 %),,1160000,11.6,11.6,100,0,
22/02/2022,,,0,10.1,10.1,10.1,0.00 (0.00 %),,0,10.1,10.1,0,0,
21/02/2022,,,0,11.6,10.1,10.1,-1.50 (-12.93 %),,14140000,10.1,10.1,1400,0,
18/02/2022,,,0,11.6,11.6,11.6,0.00 (0.00 %),,0,11.6,11.6,0,0,
17/02/2022,,,0,11.6,11.6,11.6,0.00 (0.00 %),,0,11.6,11.6,0,0,
16/02/2022,,,0,12.1,10.8,13.5,1.40 (11.57 %),,8100000,13.5,13.5,700,0,
15/02/2022,,,0,13.8,13.4,11.8,-2.00 (-14.49 %),,6060000,11.8,11.8,500,0,
14/02/2022,,,0,13.8,13.8,13.8,0.00 (0.00 %),,0,13.8,13.8,0,0,
11/02/2022,,,0,13.8,13.8,13.8,0.00 (0.00 %),,0,13.8,13.8,0,0,
10/02/2022,,,0,13.8,13.8,13.8,0.00 (0.00 %),,2760000,13.8,13.8,200,0,
09/02/2022,,,0,12.7,13.8,13.8,1.10 (8.66 %),,1380000,13.8,13.8,100,0,
08/02/2022,,,0,11.3,12.7,12.7,1.40 (12.39 %),,1270000,12.7,12.7,100,0,
07/02/2022,,,0,11.3,11.3,11.3,0.00 (0.00 %),,0,11.3,11.3,0,0,
28/01/2022,,,0,11.1,11.3,11.3,0.20 (1.80 %),,1130000,11.3,11.3,100,0,
27/01/2022,,,0,12.8,11.1,11.1,-1.70 (-13.28 %),,1110000,11.1,11.1,100,0,
26/01/2022,,,0,12.8,12.8,12.8,0.00 (0.00 %),,0,12.8,12.8,0,0,
25/01/2022,,,0,12.8,12.8,12.8,0.00 (0.00 %),,0,12.8,12.8,0,0,
24/01/2022,,,0,12.8,12.8,12.8,0.00 (0.00 %),,0,12.8,12.8,0,0,
21/01/2022,,,0,12.4,12.8,12.8,0.40 (3.23 %),,1280000,12.8,12.8,100,0,
20/01/2022,,,0,12.4,12.4,12.4,0.00 (0.00 %),,0,12.4,12.4,0,0,
19/01/2022,,,0,11.3,12.4,12.4,1.10 (9.73 %),,1240000,12.4,12.4,100,0,
18/01/2022,,,0,11.3,11.3,11.3,0.00 (0.00 %),,0,11.3,11.3,0,0,
17/01/2022,,,0,11.3,11.3,11.3,0.00 (0.00 %),,0,11.3,11.3,0,0,
14/01/2022,,,0,11.3,11.3,11.3,0.00 (0.00 %),,0,11.3,11.3,0,0,
13/01/2022,,,0,11.3,11.3,11.3,0.00 (0.00 %),,0,11.3,11.3,0,0,
12/01/2022,,,0,11.3,11.3,11.3,0.00 (0.00 %),,0,11.3,11.3,0,0,
11/01/2022,,,0,11.3,11.3,11.3,0.00 (0.00 %),,0,11.3,11.3,0,0,
10/01/2022,,,0,11.3,11.3,11.3,0.00 (0.00 %),,0,11.3,11.3,0,0,
07/01/2022,,,0,11.3,11.3,11.3,0.00 (0.00 %),,0,11.3,11.3,0,0,
06/01/2022,,,0,12.6,11.3,11.3,-1.30 (-10.32 %),,1130000,11.3,11.3,100,0,
05/01/2022,,,0,13.2,12.6,12.6,-0.60 (-4.55 %),,11340000,12.6,12.6,900,0,
04/01/2022,,,0,13.2,13.2,13.2,0.00 (0.00 %),,0,13.2,13.2,0,0,
31/12/2021,,,0,11.6,13.2,13.2,1.60 (13.79 %),,1320000,13.2,13.2,100,0,
30/12/2021,,,0,11.5,11.7,11.6,0.10 (0.87 %),,5810000,11.6,11.6,500,0,3.0
29/12/2021,,,0,11.3,11.5,11.4,0.10 (0.88 %),,17190000,11.4,11.4,1500,0,4.0
28/12/2021,,,0,11.2,11.4,11.3,0.10 (0.89 %),,30580000,11.3,11.3,2700,0,5.0
27/12/2021,,,0,12.1,11.2,11.2,-0.90 (-7.44 %),,2240000,11.2,11.2,200,0,6.0
24/12/2021,,,0,12.1,12.1,12.1,0.00 (0.00 %),,0,12.1,12.1,0,0,7.0
23/12/2021,,,0,12.1,12.1,12.1,0.00 (0.00 %),,0,12.1,12.1,0,0,8.0
21/12/2021,,,0,12.7,14.6,13.8,1.10 (8.66 %),,19760000,13.8,13.8,1400,0,9.0
20/12/2021,,,0,12.6,12.6,12.6,0.00 (0.00 %),,58240000,12.6,12.6,4600,0,10.0
17/12/2021,,,0,11.4,12.9,11.5,0.10 (0.88 %),,26400000,11.5,11.5,2100,0,11.0
16/12/2021,,,0,11.3,11.4,11.4,0.10 (0.88 %),,17100000,11.4,11.4,1500,0,12.0
15/12/2021,,,0,11.3,11.3,11.3,0.00 (0.00 %),,0,11.3,11.3,0,0,13.0
14/12/2021,,,0,11.3,11.3,11.3,0.00 (0.00 %),,0,11.3,11.3,0,0,14.0
13/12/2021,,,0,11.4,11.3,11.4,0.00 (0.00 %),,37300000,11.4,11.4,3300,0,15.0
10/12/2021,,,0,11.7,11.4,11.4,-0.30 (-2.56 %),,2280000,11.4,11.4,200,0,16.0
09/12/2021,,,0,12.9,11.7,11.7,-1.20 (-9.30 %),,1170000,11.7,11.7,100,0,17.0
08/12/2021,,,0,12.9,12.9,12.9,0.00 (0.00 %),,0,12.9,12.9,0,0,18.0
07/12/2021,,,0,12.9,12.9,12.9,0.00 (0.00 %),,0,12.9,12.9,0,0,19.0
06/12/2021,,,0,11.5,12.9,12.9,1.40 (12.17 %),,20640000,12.9,12.9,1600,0,20.0
03/12/2021,,,0,11.4,11.5,11.5,0.10 (0.88 %),,4600000,11.5,11.5,400,0,21.0
02/12/2021,,,0,11.9,11.2,11.5,-0.40 (-3.36 %),,5720000,11.5,11.5,500,0,2.0
01/12/2021,,,0,11.9,11.9,11.9,0.00 (0.00 %),,0,11.9,11.9,0,0,3.0
30/11/2021,,,0,11.9,11.9,11.9,0.00 (0.00 %),,0,11.9,11.9,0,0,4.0
29/11/2021,,,0,12.2,12.2,11.6,-0.60 (-4.92 %),,2380000,11.6,11.6,200,0,5.0
26/11/2021,,,0,12.2,12.2,12.2,0.00 (0.00 %),,0,12.2,12.2,0,0,6.0
25/11/2021,,,0,12.3,12.3,12.2,-0.10 (-0.81 %),,4880000,12.2,12.2,400,0,7.0
24/11/2021,,,0,12.3,12.3,12.3,0.00 (0.00 %),,12300000,12.3,12.3,1000,0,8.0
23/11/2021,,,0,12.3,12.3,12.3,0.00 (0.00 %),,0,12.3,12.3,0,0,9.0
22/11/2021,,,0,12.5,12.5,12.1,-0.40 (-3.20 %),,8640000,12.1,12.1,700,0,10.0
19/11/2021,,,0,12.5,12.6,12.1,-0.40 (-3.20 %),,53730000,12.1,12.1,4300,0,11.0
18/11/2021,,,0,12.6,12.5,12.5,-0.10 (-0.79 %),,28750000,12.5,12.5,2300,0,12.0
17/11/2021,,,0,13.2,11.7,12.3,-0.90 (-6.82 %),,26520000,12.3,12.3,2100,0,13.0
16/11/2021,,,0,12.2,13.0,13.2,1.00 (8.20 %),,185400000,13.2,13.2,14000,0,14.0
15/11/2021,,,0,11.9,12.0,13.0,1.10 (9.24 %),,142240000,13.0,13.0,11700,0,15.0
12/11/2021,,,0,11.7,11.7,11.9,0.20 (1.71 %),,13070000,11.9,11.9,1100,0,16.0
11/11/2021,,,0,13.1,11.7,11.7,-1.40 (-10.69 %),,3510000,11.7,11.7,300,0,17.0
10/11/2021,,,0,13.1,13.1,13.1,0.00 (0.00 %),,0,13.1,13.1,0,0,18.0
09/11/2021,,,0,13.2,13.0,13.2,0.00 (0.00 %),,103880000,13.2,13.2,7900,0,19.0
08/11/2021,,,0,13.2,13.2,13.2,0.00 (0.00 %),,0,13.2,13.2,0,0,20.0
05/11/2021,,,0,12.9,11.2,13.4,0.50 (3.88 %),,18540000,13.4,13.4,1400,0,21.0
04/11/2021,,,0,12.6,12.9,12.9,0.30 (2.38 %),,10320000,12.9,12.9,800,0,2.0
03/11/2021,,,0,14.2,13.2,12.5,-1.70 (-11.97 %),,163070400,12.5,12.5,12950,0,3.0
02/11/2021,,,0,14.2,14.2,14.2,0.00 (0.00 %),,0,14.2,14.2,0,0,4.0
01/11/2021,,,0,13.5,13.5,14.9,1.40 (10.37 %),,2840000,14.9,14.9,200,0,5.0
29/10/2021,,,0,12.6,13.9,13.5,0.90 (7.14 %),,14900000,13.5,13.5,1100,0,6.0
28/10/2021,,,0,12.8,12.4,13.9,1.10 (8.59 %),,23930000,13.9,13.9,1900,0,7.0
27/10/2021,,,0,11.8,12.8,12.6,0.80 (6.78 %),,22990000,12.6,12.6,1800,0,8.0
26/10/2021,,,0,12.6,12.6,12.8,0.20 (1.59 %),,8270000,12.8,12.8,700,0,9.0
25/10/2021,,,0,13.1,13.0,13.0,-0.10 (-0.76 %),,7550000,13.0,13.0,600,0,10.0
22/10/2021,,,0,13.8,13.5,12.0,-1.80 (-13.04 %),,10440000,12.0,12.0,800,0,11.0
21/10/2021,,,0,13.9,13.8,13.8,-0.10 (-0.72 %),,5520000,13.8,13.8,400,0,12.0
20/10/2021,,,0,15.2,13.0,14.0,-1.20 (-7.89 %),,11100000,14.0,14.0,800,0,13.0
19/10/2021,,,0,13.6,15.4,14.4,0.80 (5.88 %),,7600000,14.4,14.4,500,0,14.0
18/10/2021,,,0,13.6,13.6,13.6,0.00 (0.00 %),,0,13.6,13.6,0,0,15.0
15/10/2021,,,0,15.2,14.9,13.1,-2.10 (-13.82 %),,47500000,13.1,13.1,3500,0,16.0
14/10/2021,,,0,15.0,15.2,15.2,0.20 (1.33 %),,16720000,15.2,15.2,1100,0,17.0
13/10/2021,,,0,14.0,15.2,14.5,0.50 (3.57 %),,27080000,14.5,14.5,1800,0,18.0
12/10/2021,,,0,14.6,14.0,14.0,-0.60 (-4.11 %),,1400000,14.0,14.0,100,0,19.0
11/10/2021,,,0,14.1,14.6,14.6,0.50 (3.55 %),,7300000,14.6,14.6,500,0,20.0
08/10/2021,,,0,14.9,14.8,13.9,-1.00 (-6.71 %),,8430000,13.9,13.9,600,0,21.0
07/10/2021,,,0,14.8,14.9,14.9,0.10 (0.68 %),,2980000,14.9,14.9,200,0,2.0
06/10/2021,,,0,13.0,14.8,14.8,1.80 (13.85 %),,2960000,14.8,14.8,200,0,3.0
05/10/2021,,,0,13.0,13.0,13.0,0.00 (0.00 %),,0,13.0,13.0,0,0,4.0
04/10/2021,,,0,13.0,13.0,13.0,0.00 (0.00 %),,0,13.0,13.0,0,0,5.0
01/10/2021,,,0,15.2,13.0,13.0,-2.20 (-14.47 %),,42900000,13.0,13.0,3300,0,6.0
30/09/2021,,,0,15.2,15.2,15.2,0.00 (0.00 %),,0,15.2,15.2,0,0,7.0
29/09/2021,,,0,15.2,15.2,15.2,0.00 (0.00 %),,0,15.2,15.2,0,0,8.0
28/09/2021,,,0,15.2,15.2,15.2,0.00 (0.00 %),,0,15.2,15.2,0,0,9.0
27/09/2021,,,0,15.2,15.2,15.2,0.00 (0.00 %),,0,15.2,15.2,0,0,10.0
24/09/2021,,,0,15.2,15.2,15.2,0.00 (0.00 %),,0,15.2,15.2,0,0,11.0
23/09/2021,,,0,14.4,13.3,15.4,1.00 (6.94 %),,16680000,15.4,15.4,1100,0,12.0
22/09/2021,,,0,14.4,14.4,14.4,0.00 (0.00 %),,0,14.4,14.4,0,0,13.0
21/09/2021,,,0,13.3,14.4,14.4,1.10 (8.27 %),,14400000,14.4,14.4,1000,0,14.0
20/09/2021,,,0,12.0,13.6,12.0,0.00 (0.00 %),,8000000,12.0,12.0,600,0,15.0
17/09/2021,,,0,13.3,12.0,12.0,-1.30 (-9.77 %),,32410000,12.0,12.0,2700,0,16.0
16/09/2021,,,0,12.1,12.0,13.8,1.70 (14.05 %),,81030000,13.8,13.8,6100,0,17.0
15/09/2021,,,0,13.4,12.0,12.5,-0.90 (-6.72 %),,18200000,12.5,12.5,1500,0,18.0
14/09/2021,,,0,11.9,13.4,13.4,1.50 (12.61 %),,1340000,13.4,13.4,100,0,19.0
13/09/2021,,,0,10.4,11.9,11.9,1.50 (14.42 %),,60690000,11.9,11.9,5100,0,20.0
10/09/2021,,,0,12.1,10.4,10.4,-1.70 (-14.05 %),,1040000,10.4,10.4,100,0,21.0
09/09/2021,,,0,12.0,12.1,12.1,0.10 (0.83 %),,2541000,12.1,12.1,210,0,2.0
08/09/2021,,,0,11.9,12.0,12.0,0.10 (0.84 %),,42000000,12.0,12.0,3500,0,3.0
07/09/2021,,,0,12.0,11.9,11.9,-0.10 (-0.83 %),,85733800,11.9,11.9,7210,0,4.0
06/09/2021,,,0,11.9,12.0,12.0,0.10 (0.84 %),,2400000,12.0,12.0,200,0,5.0
01/09/2021,,,0,11.2,11.8,12.0,0.80 (7.14 %),,83740000,12.0,12.0,7010,0,6.0
31/08/2021,,,0,10.3,10.5,11.8,1.50 (14.56 %),,42681200,11.8,11.8,3802,0,7.0
30/08/2021,,,0,9.2,9.2,10.5,1.30 (14.13 %),,35120000,10.5,10.5,3400,0,8.0
27/08/2021,,,0,9.2,9.2,9.2,0.00 (0.00 %),,0,9.2,9.2,0,0,9.0
26/08/2021,,,0,8.9,8.9,10.2,1.30 (14.61 %),,18682000,10.2,10.2,2020,0,10.0
25/08/2021,,,0,8.9,8.9,8.9,0.00 (0.00 %),,0,8.9,8.9,0,0,11.0
24/08/2021,,,0,8.1,8.9,8.9,0.80 (9.88 %),,1780000,8.9,8.9,200,0,12.0
23/08/2021,,,0,8.1,8.1,8.0,-0.10 (-1.23 %),,2420000,8.0,8.0,300,0,13.0
20/08/2021,,,0,9.5,8.1,8.1,-1.40 (-14.74 %),,1782000,8.1,8.1,220,0,14.0
19/08/2021,,,0,9.5,9.5,9.5,0.00 (0.00 %),,1900000,9.5,9.5,200,0,15.0
18/08/2021,,,0,10.1,9.5,9.5,-0.60 (-5.94 %),,10450000,9.5,9.5,1100,0,16.0
17/08/2021,,,0,10.9,10.0,10.0,-0.90 (-8.26 %),,29200000,10.0,10.0,2900,0,17.0
16/08/2021,,,0,12.6,12.2,10.8,-1.80 (-14.29 %),,39230000,10.8,10.8,3600,0,18.0
13/08/2021,,,0,12.4,12.6,12.4,0.00 (0.00 %),,30160000,12.4,12.4,2400,0,19.0
12/08/2021,,,0,10.8,12.4,12.4,1.60 (14.81 %),,99216000,12.4,12.4,8020,0,20.0
11/08/2021,,,0,9.4,10.8,10.8,1.40 (14.89 %),,52920000,10.8,10.8,4900,0,21.0
10/08/2021,,,0,8.9,9.1,9.5,0.60 (6.74 %),,20831000,9.5,9.5,2210,0,2.0
09/08/2021,,,0,8.1,8.2,9.2,1.10 (13.58 %),,21310000,9.2,9.2,2400,0,3.0
06/08/2021,,,0,7.2,8.1,8.1,0.90 (12.50 %),,810000,8.1,8.1,100,0,4.0
05/08/2021,,,0,7.2,7.2,7.2,0.00 (0.00 %),,0,7.2,7.2,0,0,5.0
04/08/2021,,,0,7.2,0.0,7.2,0.00 (0.00 %),,32000,7.2,7.2,4,0,6.0
03/08/2021,,,0,7.2,7.2,7.2,0.00 (0.00 %),,0,7.2,7.2,0,0,7.0
02/08/2021,,,0,6.3,7.2,7.2,0.90 (14.29 %),,1440000,7.2,7.2,200,0,8.0
30/07/2021,,,0,6.3,6.3,6.3,0.00 (0.00 %),,0,6.3,6.3,0,0,9.0
29/07/2021,,,0,6.3,6.3,6.3,0.00 (0.00 %),,0,6.3,6.3,0,0,10.0
28/07/2021,,,0,6.3,6.3,6.3,0.00 (0.00 %),,28800,6.3,6.3,4,0,11.0
27/07/2021,,,0,6.3,0.0,7.0,0.70 (11.11 %),,204000,7.0,7.0,34,0,12.0
26/07/2021,,,0,6.3,6.3,6.3,0.00 (0.00 %),,0,6.3,6.3,0,0,13.0
23/07/2021,,,0,6.3,6.3,6.3,0.00 (0.00 %),,0,6.3,6.3,0,0,14.0
22/07/2021,,,0,6.3,6.3,6.3,0.00 (0.00 %),,0,6.3,6.3,0,0,15.0
21/07/2021,,,0,6.1,5.5,7.0,0.90 (14.75 %),,1250000,7.0,7.0,200,0,16.0
20/07/2021,,,0,7.0,6.1,6.1,-0.90 (-12.86 %),,610000,6.1,6.1,100,0,17.0
19/07/2021,,,0,8.0,7.0,7.0,-1.00 (-12.50 %),,4900000,7.0,7.0,700,0,18.0
16/07/2021,,,0,7.0,8.0,8.0,1.00 (14.29 %),,7200000,8.0,8.0,900,0,19.0
15/07/2021,,,0,7.0,7.0,7.0,0.00 (0.00 %),,0,7.0,7.0,0,0,20.0
14/07/2021,,,0,6.7,7.0,7.0,0.30 (4.48 %),,7700000,7.0,7.0,1100,0,21.0
13/07/2021,,,0,6.7,6.7,6.7,0.00 (0.00 %),,0,6.7,6.7,0,0,2.0
12/07/2021,,,0,7.6,6.5,7.0,-0.60 (-7.89 %),,2000000,7.0,7.0,300,0,3.0
09/07/2021,,,0,8.9,7.6,7.6,-1.30 (-14.61 %),,760000,7.6,7.6,100,0,4.0
08/07/2021,,,0,8.9,8.9,8.9,0.00 (0.00 %),,0,8.9,8.9,0,0,5.0
07/07/2021,,,0,8.9,8.9,8.9,0.00 (0.00 %),,0,8.9,8.9,0,0,6.0
06/07/2021,,,0,8.9,8.9,8.9,0.00 (0.00 %),,0,8.9,8.9,0,0,7.0
05/07/2021,,,0,8.9,8.9,8.9,0.00 (0.00 %),,0,8.9,8.9,0,0,8.0
02/07/2021,,,0,9.0,9.0,9.0,0.00 (0.00 %),,8850000,9.0,9.0,1000,0,9.0
01/07/2021,,,0,10.5,9.0,9.0,-1.50 (-14.29 %),,15300000,9.0,9.0,1700,0,10.0
30/06/2021,,,0,10.5,10.5,10.5,0.00 (0.00 %),,21010500,10.5,10.5,2001,0,11.0
29/06/2021,,,110000000,10.4,10.5,10.5,0.10 (0.96 %),,17850000,10.5,10.5,1700,10000,12.0
28/06/2021,,,0,9.2,10.4,10.4,1.20 (13.04 %),,3120000,10.4,10.4,300,0,13.0
25/06/2021,,,0,8.0,9.2,9.2,1.20 (15.00 %),,22372500,9.2,9.2,2439,0,14.0
24/06/2021,,,0,9.4,8.0,8.0,-1.40 (-14.89 %),,4000000,8.0,8.0,500,0,15.0
23/06/2021,,,0,9.4,9.4,9.4,0.00 (0.00 %),,4700000,9.4,9.4,500,0,16.0
22/06/2021,,,0,8.3,9.5,9.4,1.10 (13.25 %),,7540000,9.4,9.4,800,0,17.0
18/06/2021,,,0,7.3,7.3,7.3,0.00 (0.00 %),,0,7.3,7.3,0,0,18.0
17/06/2021,,,0,7.3,7.3,7.3,0.00 (0.00 %),,0,7.3,7.3,0,0,19.0
16/06/2021,,,0,6.4,7.3,7.3,0.90 (14.06 %),,10950000,7.3,7.3,1500,0,20.0
15/06/2021,,,0,6.4,6.4,6.4,0.00 (0.00 %),,0,6.4,6.4,0,0,21.0
14/06/2021,,,0,6.4,6.4,6.4,0.00 (0.00 %),,0,6.4,6.4,0,0,2.0
11/06/2021,,,0,6.8,6.0,7.0,0.20 (2.94 %),,13400000,7.0,7.0,2100,0,3.0
10/06/2021,,,0,6.8,6.8,6.8,0.00 (0.00 %),,0,6.8,6.8,0,0,4.0
09/06/2021,,,0,6.8,6.8,6.8,0.00 (0.00 %),,0,6.8,6.8,0,0,5.0
08/06/2021,,,0,8.0,6.8,7.0,-1.00 (-12.50 %),,12280000,7.0,7.0,1800,0,6.0
07/06/2021,,,0,8.0,8.0,8.0,0.00 (0.00 %),,0,8.0,8.0,0,0,7.0
04/06/2021,,,0,8.0,8.0,8.0,0.00 (0.00 %),,0,8.0,8.0,0,0,8.0
03/06/2021,,,0,8.0,8.0,8.0,0.00 (0.00 %),,0,8.0,8.0,0,0,9.0
02/06/2021,,,0,8.0,8.0,8.0,0.00 (0.00 %),,0,8.0,8.0,0,0,10.0
01/06/2021,,,0,8.0,8.0,8.0,0.00 (0.00 %),,0,8.0,8.0,0,0,11.0
31/05/2021,,,0,8.0,8.0,8.0,0.00 (0.00 %),,0,8.0,8.0,0,0,12.0
28/05/2021,,,0,8.0,8.0,8.0,0.00 (0.00 %),,0,8.0,8.0,0,0,13.0
27/05/2021,,,0,8.0,8.0,8.0,0.00 (0.00 %),,0,8.0,8.0,0,0,14.0
26/05/2021,,,0,8.0,8.0,8.0,0.00 (0.00 %),,0,8.0,8.0,0,0,15.0
25/05/2021,,,0,8.0,8.0,8.0,0.00 (0.00 %),,0,8.0,8.0,0,0,16.0
24/05/2021,,,0,8.0,8.0,8.0,0.00 (0.00 %),,0,8.0,8.0,0,0,17.0
21/05/2021,,,0,8.0,8.0,8.0,0.00 (0.00 %),,0,8.0,8.0,0,0,18.0
20/05/2021,,,0,8.0,8.0,8.0,0.00 (0.00 %),,0,8.0,8.0,0,0,19.0
19/05/2021,,,0,8.0,8.0,8.0,0.00 (0.00 %),,0,8.0,8.0,0,0,20.0
18/05/2021,,,0,8.0,8.0,8.0,0.00 (0.00 %),,0,8.0,8.0,0,0,21.0
17/05/2021,,,0,8.0,8.0,8.0,0.00 (0.00 %),,0,8.0,8.0,0,0,2.0
14/05/2021,,,0,8.0,8.0,8.0,0.00 (0.00 %),,0,8.0,8.0,0,0,3.0
13/05/2021,,,0,8.0,8.0,8.0,0.00 (0.00 %),,0,8.0,8.0,0,0,4.0
12/05/2021,,,0,8.0,8.0,8.0,0.00 (0.00 %),,0,8.0,8.0,0,0,5.0
11/05/2021,,,0,8.0,8.0,8.0,0.00 (0.00 %),,0,8.0,8.0,0,0,6.0
07/05/2021,,,0,8.2,8.2,8.2,0.00 (0.00 %),,0,8.2,8.2,0,0,7.0
06/05/2021,,,0,8.2,8.2,8.2,0.00 (0.00 %),,0,8.2,8.2,0,0,8.0
05/05/2021,,,0,8.2,8.2,8.2,0.00 (0.00 %),,0,8.2,8.2,0,0,9.0
04/05/2021,,,0,8.2,8.2,8.2,0.00 (0.00 %),,0,8.2,8.2,0,0,10.0
29/04/2021,,,0,8.2,8.2,8.2,0.00 (0.00 %),,0,8.2,8.2,0,0,11.0
28/04/2021,,,0,8.2,8.2,8.2,0.00 (0.00 %),,0,8.2,8.2,0,0,12.0
27/04/2021,,,0,8.2,8.2,8.2,0.00 (0.00 %),,0,8.2,8.2,0,0,13.0
26/04/2021,,,0,8.2,8.2,8.2,0.00 (0.00 %),,0,8.2,8.2,0,0,14.0
23/04/2021,,,0,8.2,8.2,8.2,0.00 (0.00 %),,0,8.2,8.2,0,0,15.0
22/04/2021,,,0,8.2,8.2,8.2,0.00 (0.00 %),,0,8.2,8.2,0,0,16.0
20/04/2021,,,0,8.2,8.2,8.2,0.00 (0.00 %),,0,8.2,8.2,0,0,17.0
19/04/2021,,,0,8.2,8.2,8.2,0.00 (0.00 %),,0,8.2,8.2,0,0,18.0
16/04/2021,,,0,8.2,8.2,8.2,0.00 (0.00 %),,0,8.2,8.2,0,0,19.0
15/04/2021,,,0,8.2,8.2,8.2,0.00 (0.00 %),,0,8.2,8.2,0,0,20.0
14/04/2021,,,0,8.2,8.2,8.2,0.00 (0.00 %),,0,8.2,8.2,0,0,21.0
13/04/2021,,,0,8.2,8.2,8.2,0.00 (0.00 %),,0,8.2,8.2,0,0,2.0
12/04/2021,,,0,8.2,8.2,8.2,0.00 (0.00 %),,0,8.2,8.2,0,0,3.0
09/04/2021,,,0,8.2,8.2,8.2,0.00 (0.00 %),,0,8.2,8.2,0,0,4.0
08/04/2021,,,0,8.2,8.2,8.2,0.00 (0.00 %),,0,8.2,8.2,0,0,5.0
07/04/2021,,,0,8.2,8.2,8.2,0.00 (0.00 %),,0,8.2,8.2,0,0,6.0
06/04/2021,,,0,8.2,8.2,8.2,0.00 (0.00 %),,0,8.2,8.2,0,0,7.0
05/04/2021,,,0,8.2,8.2,8.2,0.00 (0.00 %),,0,8.2,8.2,0,0,8.0
02/04/2021,,,0,8.2,8.2,8.2,0.00 (0.00 %),,820000,8.2,8.2,100,0,9.0
01/04/2021,,,0,9.5,8.2,8.2,-1.30 (-13.68 %),,2460000,8.2,8.2,300,0,10.0
31/03/2021,,,0,9.5,9.5,9.5,0.00 (0.00 %),,0,9.5,9.5,0,0,11.0
30/03/2021,,,0,9.2,9.5,9.5,0.30 (3.26 %),,950000,9.5,9.5,100,0,12.0
29/03/2021,,,0,9.2,9.2,9.2,0.00 (0.00 %),,0,9.2,9.2,0,0,13.0
26/03/2021,,,0,9.2,9.2,9.2,0.00 (0.00 %),,0,9.2,9.2,0,0,14.0
25/03/2021,,,0,10.5,10.5,9.1,-1.40 (-13.33 %),,18340000,9.1,9.1,2000,0,15.0
24/03/2021,,,0,9.3,10.5,10.5,1.20 (12.90 %),,1050000,10.5,10.5,100,0,16.0
23/03/2021,,,0,9.3,10.5,8.0,-1.30 (-13.98 %),,1850000,8.0,8.0,200,0,17.0
22/03/2021,,,0,9.3,9.3,9.3,0.00 (0.00 %),,34410000,9.3,9.3,3700,0,18.0
19/03/2021,,,0,8.1,9.3,9.3,1.20 (14.81 %),,930000,9.3,9.3,100,0,19.0
18/03/2021,,,0,8.1,8.1,8.1,0.00 (0.00 %),,0,8.1,8.1,0,0,20.0
17/03/2021,,,0,8.1,8.1,8.1,0.00 (0.00 %),,0,8.1,8.1,0,0,21.0
16/03/2021,,,0,8.1,8.1,8.1,0.00 (0.00 %),,53460000,8.1,8.1,6600,0,2.0
15/03/2021,,,0,8.1,8.1,8.1,0.00 (0.00 %),,0,8.1,8.1,0,0,3.0
12/03/2021,,,0,8.1,8.1,8.1,0.00 (0.00 %),,0,8.1,8.1,0,0,4.0
11/03/2021,,,0,8.0,8.1,8.1,0.10 (1.25 %),,1620000,8.1,8.1,200,0,5.0
10/03/2021,,,0,8.0,8.0,8.0,0.00 (0.00 %),,0,8.0,8.0,0,0,6.0
09/03/2021,,,0,8.0,8.0,8.0,0.00 (0.00 %),,12000000,8.0,8.0,1500,0,7.0
05/03/2021,,,0,9.0,8.0,8.0,-1.00 (-11.11 %),,800000,8.0,8.0,100,0,8.0
04/03/2021,,,0,10.5,9.0,9.0,-1.50 (-14.29 %),,5400000,9.0,9.0,600,0,9.0
03/03/2021,,,0,10.5,10.5,10.5,0.00 (0.00 %),,0,10.5,10.5,0,0,10.0
02/03/2021,,,0,11.8,10.1,12.0,0.20 (1.69 %),,5240000,12.0,12.0,500,0,11.0
01/03/2021,,,0,10.5,11.8,11.8,1.30 (12.38 %),,79060000,11.8,11.8,6700,0,12.0
26/02/2021,,,0,10.7,11.8,11.8,1.10 (10.28 %),,10450000,11.8,11.8,1000,0,13.0
25/02/2021,,,0,10.7,10.7,10.7,0.00 (0.00 %),,0,10.7,10.7,0,0,14.0
24/02/2021,,,0,10.7,12.2,9.1,-1.60 (-14.95 %),,2130000,9.1,9.1,200,0,15.0
23/02/2021,,,0,9.4,10.7,10.7,1.30 (13.83 %),,1070000,10.7,10.7,100,0,16.0
22/02/2021,,,0,8.4,9.4,9.4,1.00 (11.90 %),,940000,9.4,9.4,100,0,17.0
19/02/2021,,,0,8.4,8.4,8.4,0.00 (0.00 %),,0,8.4,8.4,0,0,18.0
18/02/2021,,,0,7.5,8.4,8.4,0.90 (12.00 %),,840000,8.4,8.4,100,0,19.0
17/02/2021,,,0,7.5,7.5,7.5,0.00 (0.00 %),,0,7.5,7.5,0,0,20.0
09/02/2021,,,0,7.5,7.5,7.5,0.00 (0.00 %),,0,7.5,7.5,0,0,21.0
05/02/2021,,,0,7.5,7.5,7.5,0.00 (0.00 %),,6750000,7.5,7.5,900,0,2.0
04/02/2021,,,0,7.5,7.5,7.5,0.00 (0.00 %),,0,7.5,7.5,0,0,3.0
03/02/2021,,,0,6.6,7.5,7.5,0.90 (13.64 %),,750000,7.5,7.5,100,0,4.0
02/02/2021,,,0,6.6,6.6,6.6,0.00 (0.00 %),,0,6.6,6.6,0,0,5.0
01/02/2021,,,0,6.8,6.6,6.6,-0.20 (-2.94 %),,4620000,6.6,6.6,700,0,6.0
29/01/2021,,,0,6.8,6.8,6.8,0.00 (0.00 %),,0,6.8,6.8,0,0,7.0
28/01/2021,,,0,8.0,6.8,6.8,-1.20 (-15.00 %),,3400000,6.8,6.8,500,0,8.0
27/01/2021,,,0,8.0,8.0,8.0,0.00 (0.00 %),,0,8.0,8.0,0,0,9.0
26/01/2021,,,0,8.0,8.0,8.0,0.00 (0.00 %),,0,8.0,8.0,0,0,10.0
25/01/2021,,,0,8.0,8.0,8.0,0.00 (0.00 %),,1600000,8.0,8.0,200,0,11.0
22/01/2021,,,0,8.0,8.0,8.0,0.00 (0.00 %),,0,8.0,8.0,0,0,12.0
21/01/2021,,,0,8.4,8.0,8.0,-0.40 (-4.76 %),,17600000,8.0,8.0,2200,0,13.0
20/01/2021,,,0,8.4,8.4,8.4,0.00 (0.00 %),,0,8.4,8.4,0,0,14.0
19/01/2021,,,0,8.4,8.4,8.4,0.00 (0.00 %),,0,8.4,8.4,0,0,15.0
18/01/2021,,,0,8.4,8.4,8.4,0.00 (0.00 %),,0,8.4,8.4,0,0,16.0
15/01/2021,,,0,8.4,8.4,8.4,0.00 (0.00 %),,0,8.4,8.4,0,0,17.0
14/01/2021,,,0,8.4,8.4,8.4,0.00 (0.00 %),,0,8.4,8.4,0,0,18.0
13/01/2021,,,0,7.7,8.4,8.4,0.70 (9.09 %),,840000,8.4,8.4,100,0,19.0
12/01/2021,,,0,7.5,7.7,7.7,0.20 (2.67 %),,16940000,7.7,7.7,2200,0,20.0
11/01/2021,,,0,7.7,7.1,7.7,0.00 (0.00 %),,6730000,7.7,7.7,900,0,21.0
08/01/2021,,,0,7.4,7.7,7.7,0.30 (4.05 %),,770000,7.7,7.7,100,0,2.0
07/01/2021,,,0,7.9,7.3,7.4,-0.50 (-6.33 %),,8850000,7.4,7.4,1200,0,3.0
06/01/2021,,,0,7.9,7.9,7.9,0.00 (0.00 %),,0,7.9,7.9,0,0,4.0
05/01/2021,,,0,7.9,7.9,7.9,0.00 (0.00 %),,0,7.9,7.9,0,0,5.0
04/01/2021,,,0,7.2,7.9,7.9,0.70 (9.72 %),,790000,7.9,7.9,100,0,6.0
31/12/2020,,,0,7.2,7.2,7.2,0.00 (0.00 %),,0,7.2,7.2,0,0,7.0
30/12/2020,,,0,7.2,7.2,7.2,0.00 (0.00 %),,0,7.2,7.2,0,0,8.0
29/12/2020,,,0,7.2,7.2,7.2,0.00 (0.00 %),,0,7.2,7.2,0,0,9.0
28/12/2020,,,0,7.2,7.2,7.2,0.00 (0.00 %),,0,7.2,7.2,0,0,10.0
25/12/2020,,,0,7.2,7.2,7.2,0.00 (0.00 %),,0,7.2,7.2,0,0,11.0
24/12/2020,,,0,7.2,7.2,7.2,0.00 (0.00 %),,0,7.2,7.2,0,0,12.0
23/12/2020,,,0,6.6,7.2,7.2,0.60 (9.09 %),,720000,7.2,7.2,100,0,13.0
22/12/2020,,,0,7.6,6.6,6.6,-1.00 (-13.16 %),,7260000,6.6,6.6,1100,0,14.0
21/12/2020,,,0,7.6,7.6,7.6,0.00 (0.00 %),,0,7.6,7.6,0,0,15.0
18/12/2020,,,0,7.6,7.6,7.6,0.00 (0.00 %),,0,7.6,7.6,0,0,16.0
17/12/2020,,,0,7.6,7.6,7.6,0.00 (0.00 %),,0,7.6,7.6,0,0,17.0
16/12/2020,,,0,7.6,7.6,7.6,0.00 (0.00 %),,0,7.6,7.6,0,0,18.0
15/12/2020,,,0,7.1,7.6,7.6,0.50 (7.04 %),,760000,7.6,7.6,100,0,19.0
14/12/2020,,,0,8.3,7.1,7.1,-1.20 (-14.46 %),,17750000,7.1,7.1,2500,0,20.0
11/12/2020,,,0,8.3,8.3,8.3,0.00 (0.00 %),,0,8.3,8.3,0,0,21.0
10/12/2020,,,0,8.3,8.3,8.3,0.00 (0.00 %),,0,8.3,8.3,0,0,2.0
09/12/2020,,,0,8.3,8.3,8.3,0.00 (0.00 %),,0,8.3,8.3,0,0,3.0
08/12/2020,,,0,8.3,8.3,8.3,0.00 (0.00 %),,0,8.3,8.3,0,0,4.0
07/12/2020,,,0,8.3,8.3,8.3,0.00 (0.00 %),,0,8.3,8.3,0,0,5.0
04/12/2020,,,0,8.3,8.3,8.3,0.00 (0.00 %),,0,8.3,8.3,0,0,6.0
03/12/2020,,,0,8.3,8.3,8.3,0.00 (0.00 %),,0,8.3,8.3,0,0,7.0
02/12/2020,,,0,7.3,8.3,8.3,1.00 (13.70 %),,830000,8.3,8.3,100,0,8.0
01/12/2020,,,0,7.3,7.3,7.3,0.00 (0.00 %),,0,7.3,7.3,0,0,9.0
30/11/2020,,,0,7.3,7.3,7.3,0.00 (0.00 %),,0,7.3,7.3,0,0,10.0
26/11/2020,,,0,7.3,7.3,7.3,0.00 (0.00 %),,6570000,7.3,7.3,900,0,11.0
25/11/2020,,,0,7.3,7.3,7.3,0.00 (0.00 %),,14600000,7.3,7.3,2000,0,12.0
24/11/2020,,,0,7.3,7.3,7.3,0.00 (0.00 %),,0,7.3,7.3,0,0,13.0
23/11/2020,,,0,7.3,7.3,7.3,0.00 (0.00 %),,0,7.3,7.3,0,0,14.0
20/11/2020,,,0,7.3,7.3,7.3,0.00 (0.00 %),,0,7.3,7.3,0,0,15.0
19/11/2020,,,0,7.3,7.3,7.3,0.00 (0.00 %),,0,7.3,7.3,0,0,16.0
18/11/2020,,,0,7.3,7.3,7.3,0.00 (0.00 %),,0,7.3,7.3,0,0,17.0
17/11/2020,,,0,7.3,7.3,7.3,0.00 (0.00 %),,0,7.3,7.3,0,0,18.0
16/11/2020,,,0,7.3,7.3,7.3,0.00 (0.00 %),,0,7.3,7.3,0,0,19.0
13/11/2020,,,0,7.3,7.3,7.3,0.00 (0.00 %),,0,7.3,7.3,0,0,20.0
12/11/2020,,,0,7.3,7.3,7.3,0.00 (0.00 %),,0,7.3,7.3,0,0,21.0
11/11/2020,,,0,7.3,7.3,7.3,0.00 (0.00 %),,0,7.3,7.3,0,0,2.0
10/11/2020,,,0,7.3,7.3,7.3,0.00 (0.00 %),,0,7.3,7.3,0,0,3.0
09/11/2020,,,0,7.3,7.3,7.3,0.00 (0.00 %),,0,7.3,7.3,0,0,4.0
06/11/2020,,,0,6.6,7.2,7.5,0.90 (13.64 %),,12410000,7.5,7.5,1700,0,5.0
05/11/2020,,,0,6.6,6.6,6.6,0.00 (0.00 %),,0,6.6,6.6,0,0,6.0
04/11/2020,,,0,6.6,6.6,6.6,0.00 (0.00 %),,0,6.6,6.6,0,0,7.0
03/11/2020,,,0,6.6,6.6,6.6,0.00 (0.00 %),,0,6.6,6.6,0,0,8.0
02/11/2020,,,0,5.8,6.6,6.6,0.80 (13.79 %),,660000,6.6,6.6,100,0,9.0
30/10/2020,,,0,6.7,5.8,5.8,-0.90 (-13.43 %),,580000,5.8,5.8,100,0,10.0
29/10/2020,,,0,6.7,6.7,6.7,0.00 (0.00 %),,0,6.7,6.7,0,0,11.0
28/10/2020,,,0,6.7,6.7,6.7,0.00 (0.00 %),,0,6.7,6.7,0,0,12.0
27/10/2020,,,0,6.7,6.7,6.7,0.00 (0.00 %),,0,6.7,6.7,0,0,13.0
26/10/2020,,,0,6.7,6.7,6.7,0.00 (0.00 %),,0,6.7,6.7,0,0,14.0
23/10/2020,,,0,6.7,6.7,6.7,0.00 (0.00 %),,0,6.7,6.7,0,0,15.0
22/10/2020,,,0,5.9,6.7,6.7,0.80 (13.56 %),,670000,6.7,6.7,100,0,16.0
21/10/2020,,,0,6.7,5.9,5.9,-0.80 (-11.94 %),,590000,5.9,5.9,100,0,17.0
20/10/2020,,,0,6.7,6.7,6.7,0.00 (0.00 %),,0,6.7,6.7,0,0,18.0
19/10/2020,,,0,6.5,6.7,6.7,0.20 (3.08 %),,1340000,6.7,6.7,200,0,19.0
16/10/2020,,,0,7.3,6.5,6.5,-0.80 (-10.96 %),,650000,6.5,6.5,100,0,20.0
15/10/2020,,,0,7.3,7.3,7.3,0.00 (0.00 %),,0,7.3,7.3,0,0,21.0
14/10/2020,,,0,7.3,7.3,7.3,0.00 (0.00 %),,0,7.3,7.3,0,0,2.0
13/10/2020,,,0,7.3,7.3,7.3,0.00 (0.00 %),,0,7.3,7.3,0,0,3.0
12/10/2020,,,0,7.3,7.3,7.3,0.00 (0.00 %),,0,7.3,7.3,0,0,4.0
09/10/2020,,,0,7.3,7.3,7.3,0.00 (0.00 %),,0,7.3,7.3,0,0,5.0
08/10/2020,,,0,7.3,7.3,7.3,0.00 (0.00 %),,0,7.3,7.3,0,0,6.0
07/10/2020,,,0,7.3,7.3,7.3,0.00 (0.00 %),,0,7.3,7.3,0,0,7.0
06/10/2020,,,0,8.2,7.3,7.3,-0.90 (-10.98 %),,2920000,7.3,7.3,400,0,8.0
05/10/2020,,,0,8.2,8.2,8.2,0.00 (0.00 %),,0,8.2,8.2,0,0,9.0
02/10/2020,,,0,8.2,8.2,8.2,0.00 (0.00 %),,0,8.2,8.2,0,0,10.0
01/10/2020,,,0,8.2,8.2,8.2,0.00 (0.00 %),,0,8.2,8.2,0,0,11.0
30/09/2020,,,0,7.4,8.2,8.2,0.80 (10.81 %),,1640000,8.2,8.2,200,0,12.0
29/09/2020,,,0,6.6,7.4,7.4,0.80 (12.12 %),,740000,7.4,7.4,100,0,13.0
28/09/2020,,,0,7.7,6.6,6.6,-1.10 (-14.29 %),,19140000,6.6,6.6,2900,0,14.0
25/09/2020,,,0,7.8,7.7,7.7,-0.10 (-1.28 %),,1540000,7.7,7.7,200,0,15.0
24/09/2020,,,0,7.8,7.8,7.8,0.00 (0.00 %),,0,7.8,7.8,0,0,16.0
23/09/2020,,,0,8.0,7.9,6.8,-1.20 (-15.00 %),,7790000,6.8,6.8,1000,0,17.0
22/09/2020,,,0,8.0,8.0,8.0,0.00 (0.00 %),,0,8.0,8.0,0,0,18.0
21/09/2020,,,0,7.2,8.0,8.0,0.80 (11.11 %),,800000,8.0,8.0,100,0,19.0
18/09/2020,,,0,7.2,7.2,7.2,0.00 (0.00 %),,0,7.2,7.2,0,0,20.0
17/09/2020,,,0,7.2,7.2,7.2,0.00 (0.00 %),,0,7.2,7.2,0,0,21.0
16/09/2020,,,0,7.5,7.2,7.2,-0.30 (-4.00 %),,4320000,7.2,7.2,600,0,2.0
15/09/2020,,,0,7.5,7.5,7.5,0.00 (0.00 %),,0,7.5,7.5,0,0,3.0
14/09/2020,,,0,7.5,7.5,7.5,0.00 (0.00 %),,0,7.5,7.5,0,0,4.0
11/09/2020,,,0,7.5,7.5,7.5,0.00 (0.00 %),,0,7.5,7.5,0,0,5.0
10/09/2020,,,0,7.5,7.5,7.5,0.00 (0.00 %),,0,7.5,7.5,0,0,6.0
09/09/2020,,,0,7.5,7.5,7.5,0.00 (0.00 %),,0,7.5,7.5,0,0,7.0
08/09/2020,,,0,7.0,7.5,7.5,0.50 (7.14 %),,3000000,7.5,7.5,400,0,8.0
07/09/2020,,,0,7.9,7.0,7.0,-0.90 (-11.39 %),,700000,7.0,7.0,100,0,9.0
04/09/2020,,,0,7.9,7.9,7.9,0.00 (0.00 %),,0,7.9,7.9,0,0,10.0
03/09/2020,,,0,6.9,7.9,7.9,1.00 (14.49 %),,12640000,7.9,7.9,1600,0,11.0
01/09/2020,,,0,6.9,6.9,6.9,0.00 (0.00 %),,690000,6.9,6.9,100,0,12.0
31/08/2020,,,0,6.8,6.9,6.9,0.10 (1.47 %),,690000,6.9,6.9,100,0,13.0
28/08/2020,,,0,7.3,6.8,6.8,-0.50 (-6.85 %),,3400000,6.8,6.8,500,0,14.0
27/08/2020,,,0,7.3,7.3,7.3,0.00 (0.00 %),,0,7.3,7.3,0,0,15.0
26/08/2020,,,0,7.3,7.3,7.3,0.00 (0.00 %),,0,7.3,7.3,0,0,16.0
25/08/2020,,,0,8.5,7.4,7.3,-1.20 (-14.12 %),,2930000,7.3,7.3,400,0,17.0
24/08/2020,,,0,8.5,8.5,8.5,0.00 (0.00 %),,0,8.5,8.5,0,0,18.0
21/08/2020,,,0,10.0,8.5,8.5,-1.50 (-15.00 %),,4250000,8.5,8.5,500,0,19.0
20/08/2020,,,0,10.0,10.0,10.0,0.00 (0.00 %),,0,10.0,10.0,0,0,20.0
19/08/2020,,,0,11.0,10.0,10.0,-1.00 (-9.09 %),,2000000,10.0,10.0,200,0,21.0
18/08/2020,,,0,11.0,11.0,11.0,0.00 (0.00 %),,0,11.0,11.0,0,0,2.0
17/08/2020,,,0,11.0,11.0,11.0,0.00 (0.00 %),,0,11.0,11.0,0,0,3.0
14/08/2020,,,0,11.0,11.0,11.0,0.00 (0.00 %),,0,11.0,11.0,0,0,4.0
13/08/2020,,,0,11.0,11.0,11.0,0.00 (0.00 %),,0,11.0,11.0,0,0,5.0
12/08/2020,,,0,11.0,11.0,11.0,0.00 (0.00 %),,0,11.0,11.0,0,0,6.0
11/08/2020,,,0,11.0,11.0,11.0,0.00 (0.00 %),,0,11.0,11.0,0,0,7.0
10/08/2020,,,0,14.9,11.0,11.0,-3.90 (-26.17 %),,1100000,11.0,11.0,100,0,8.0
07/08/2020,,,0,14.9,14.9,14.9,0.00 (0.00 %),,0,14.9,14.9,0,0,9.0
06/08/2020,,,0,14.9,14.9,14.9,0.00 (0.00 %),,0,14.9,14.9,0,0,10.0
05/08/2020,,,0,14.9,14.9,14.9,0.00 (0.00 %),,0,14.9,14.9,0,0,11.0
04/08/2020,,,0,14.9,14.9,14.9,0.00 (0.00 %),,0,14.9,14.9,0,0,12.0
03/08/2020,,,0,14.9,14.9,14.9,0.00 (0.00 %),,0,14.9,14.9,0,0,13.0
31/07/2020,,,0,14.9,14.9,14.9,0.00 (0.00 %),,0,14.9,14.9,0,0,14.0
30/07/2020,,,0,14.9,14.9,14.9,0.00 (0.00 %),,0,14.9,14.9,0,0,15.0
29/07/2020,,,0,14.9,14.9,14.9,0.00 (0.00 %),,0,14.9,14.9,0,0,16.0
28/07/2020,,,0,14.9,14.9,14.9,0.00 (0.00 %),,0,14.9,14.9,0,0,17.0
27/07/2020,,,0,14.9,14.9,14.9,0.00 (0.00 %),,0,14.9,14.9,0,0,18.0
24/07/2020,,,0,14.9,14.9,14.9,0.00 (0.00 %),,0,14.9,14.9,0,0,19.0
23/07/2020,,,0,14.9,14.9,14.9,0.00 (0.00 %),,0,14.9,14.9,0,0,20.0
22/07/2020,,,0,14.9,14.9,14.9,0.00 (0.00 %),,0,14.9,14.9,0,0,21.0
21/07/2020,,,0,14.9,14.9,14.9,0.00 (0.00 %),,0,14.9,14.9,0,0,2.0
20/07/2020,,,0,14.9,14.9,14.9,0.00 (0.00 %),,0,14.9,14.9,0,0,3.0
17/07/2020,,,0,14.9,14.9,14.9,0.00 (0.00 %),,0,14.9,14.9,0,0,4.0
16/07/2020,,,0,14.9,14.9,14.9,0.00 (0.00 %),,0,14.9,14.9,0,0,5.0
15/07/2020,,,0,14.9,14.9,14.9,0.00 (0.00 %),,0,14.9,14.9,0,0,6.0
14/07/2020,,,0,14.9,14.9,14.9,0.00 (0.00 %),,0,14.9,14.9,0,0,7.0
13/07/2020,,,0,14.9,14.9,14.9,0.00 (0.00 %),,0,14.9,14.9,0,0,8.0
10/07/2020,,,0,14.9,14.9,14.9,0.00 (0.00 %),,0,14.9,14.9,0,0,9.0
09/07/2020,,,0,14.9,14.9,14.9,0.00 (0.00 %),,0,14.9,14.9,0,0,10.0
08/07/2020,,,0,14.9,14.9,14.9,0.00 (0.00 %),,0,14.9,14.9,0,0,11.0
07/07/2020,,,0,14.9,14.9,14.9,0.00 (0.00 %),,0,14.9,14.9,0,0,12.0
06/07/2020,,,0,14.9,14.9,14.9,0.00 (0.00 %),,0,14.9,14.9,0,0,13.0
03/07/2020,,,0,14.9,14.9,14.9,0.00 (0.00 %),,0,14.9,14.9,0,0,14.0
02/07/2020,,,0,14.9,14.9,14.9,0.00 (0.00 %),,0,14.9,14.9,0,0,15.0
01/07/2020,,,0,14.9,14.9,14.9,0.00 (0.00 %),,0,14.9,14.9,0,0,16.0
30/06/2020,,,0,14.9,14.9,14.9,0.00 (0.00 %),,0,14.9,14.9,0,0,17.0
29/06/2020,,,0,14.9,14.9,14.9,0.00 (0.00 %),,0,14.9,14.9,0,0,18.0
26/06/2020,,,0,14.9,14.9,14.9,0.00 (0.00 %),,0,14.9,14.9,0,0,19.0
25/06/2020,,,0,14.9,14.9,14.9,0.00 (0.00 %),,0,14.9,14.9,0,0,20.0
24/06/2020,,,0,14.9,14.9,14.9,0.00 (0.00 %),,0,14.9,14.9,0,0,21.0
23/06/2020,,,0,14.9,14.9,14.9,0.00 (0.00 %),,0,14.9,14.9,0,0,2.0
22/06/2020,,,0,14.9,14.9,14.9,0.00 (0.00 %),,0,14.9,14.9,0,0,3.0
19/06/2020,,,0,14.9,14.9,14.9,0.00 (0.00 %),,0,14.9,14.9,0,0,4.0
18/06/2020,,,0,14.9,14.9,14.9,0.00 (0.00 %),,0,14.9,14.9,0,0,5.0
17/06/2020,,,0,14.9,14.9,14.9,0.00 (0.00 %),,0,14.9,14.9,0,0,6.0
16/06/2020,,,0,14.9,14.9,14.9,0.00 (0.00 %),,0,14.9,14.9,0,0,7.0
15/06/2020,,,0,13.3,14.9,14.9,1.60 (12.03 %),,1490000,14.9,14.9,100,0,8.0
12/06/2020,,,0,13.3,13.3,13.3,0.00 (0.00 %),,0,13.3,13.3,0,0,9.0
11/06/2020,,,0,11.7,13.3,13.3,1.60 (13.68 %),,1330000,13.3,13.3,100,0,10.0
10/06/2020,,,0,10.5,11.7,11.7,1.20 (11.43 %),,1170000,11.7,11.7,100,0,11.0
09/06/2020,,,0,10.3,10.3,11.5,1.20 (11.65 %),,6300000,11.5,11.5,600,0,12.0
08/06/2020,,,0,10.3,10.3,10.3,0.00 (0.00 %),,0,10.3,10.3,0,0,13.0
05/06/2020,,,0,10.3,10.3,10.3,0.00 (0.00 %),,0,10.3,10.3,0,0,14.0
04/06/2020,,,0,10.3,10.3,10.3,0.00 (0.00 %),,0,10.3,10.3,0,0,15.0
03/06/2020,,,0,9.3,10.4,10.3,1.00 (10.75 %),,6190000,10.3,10.3,600,0,16.0
02/06/2020,,,0,9.3,9.3,9.3,0.00 (0.00 %),,0,9.3,9.3,0,0,17.0
01/06/2020,,,0,8.7,9.3,9.3,0.60 (6.90 %),,930000,9.3,9.3,100,0,18.0
29/05/2020,,,0,8.7,8.7,8.7,0.00 (0.00 %),,0,8.7,8.7,0,0,19.0
28/05/2020,,,0,8.7,8.7,8.7,0.00 (0.00 %),,0,8.7,8.7,0,0,20.0
27/05/2020,,,0,7.9,8.7,8.7,0.80 (10.13 %),,870000,8.7,8.7,100,0,21.0
26/05/2020,,,0,7.3,7.9,8.2,0.90 (12.33 %),,3950000,8.2,8.2,500,0,2.0
25/05/2020,,,0,6.8,7.3,7.3,0.50 (7.35 %),,730000,7.3,7.3,100,0,3.0
22/05/2020,,,0,7.3,6.8,6.8,-0.50 (-6.85 %),,40800000,6.8,6.8,6000,0,4.0
21/05/2020,,,0,6.8,7.3,7.3,0.50 (7.35 %),,730000,7.3,7.3,100,0,5.0
20/05/2020,,,0,6.8,6.8,6.8,0.00 (0.00 %),,0,6.8,6.8,0,0,6.0
19/05/2020,,,0,6.8,6.8,6.8,0.00 (0.00 %),,0,6.8,6.8,0,0,7.0
18/05/2020,,,0,6.8,6.8,6.8,0.00 (0.00 %),,0,6.8,6.8,0,0,8.0
15/05/2020,,,0,6.8,6.8,6.8,0.00 (0.00 %),,0,6.8,6.8,0,0,9.0
14/05/2020,,,0,6.3,6.8,6.8,0.50 (7.94 %),,1360000,6.8,6.8,200,0,10.0
13/05/2020,,,0,6.3,6.3,6.3,0.00 (0.00 %),,0,6.3,6.3,0,0,11.0
12/05/2020,,,0,6.3,6.3,6.3,0.00 (0.00 %),,0,6.3,6.3,0,0,12.0
11/05/2020,,,0,6.3,6.3,6.3,0.00 (0.00 %),,0,6.3,6.3,0,0,13.0
08/05/2020,,,0,6.3,6.3,6.3,0.00 (0.00 %),,0,6.3,6.3,0,0,14.0
07/05/2020,,,0,6.3,6.3,6.3,0.00 (0.00 %),,0,6.3,6.3,0,0,15.0
06/05/2020,,,0,7.3,6.3,6.3,-1.00 (-13.70 %),,1890000,6.3,6.3,300,0,16.0
05/05/2020,,,0,8.5,7.3,7.3,-1.20 (-14.12 %),,10950000,7.3,7.3,1500,0,17.0
04/05/2020,,,0,10.0,8.5,8.5,-1.50 (-15.00 %),,850000,8.5,8.5,100,0,18.0
29/04/2020,,,0,10.0,10.0,10.0,0.00 (0.00 %),,0,10.0,10.0,0,0,19.0
28/04/2020,,,0,10.0,10.0,10.0,0.00 (0.00 %),,0,10.0,10.0,0,0,20.0
27/04/2020,,,0,10.0,10.0,10.0,0.00 (0.00 %),,0,10.0,10.0,0,0,21.0
24/04/2020,,,0,10.0,10.0,10.0,0.00 (0.00 %),,0,10.0,10.0,0,0,2.0
23/04/2020,,,0,10.0,10.0,10.0,0.00 (0.00 %),,0,10.0,10.0,0,0,3.0
22/04/2020,,,0,10.0,10.0,10.0,0.00 (0.00 %),,0,10.0,10.0,0,0,4.0
21/04/2020,,,0,10.0,10.0,10.0,0.00 (0.00 %),,0,10.0,10.0,0,0,5.0
20/04/2020,,,0,10.0,10.0,10.0,0.00 (0.00 %),,0,10.0,10.0,0,0,6.0
17/04/2020,,,0,10.0,10.0,10.0,0.00 (0.00 %),,0,10.0,10.0,0,0,7.0
16/04/2020,,,0,8.9,10.0,10.0,1.10 (12.36 %),,1000000,10.0,10.0,100,0,8.0
15/04/2020,,,0,9.7,8.3,10.0,0.30 (3.09 %),,2660000,10.0,10.0,300,0,9.0
14/04/2020,,,0,8.5,9.7,9.7,1.20 (14.12 %),,970000,9.7,9.7,100,0,10.0
13/04/2020,,,0,8.5,8.5,8.5,0.00 (0.00 %),,0,8.5,8.5,0,0,11.0
10/04/2020,,,0,10.0,8.5,8.5,-1.50 (-15.00 %),,1700000,8.5,8.5,200,0,12.0
09/04/2020,,,0,10.8,10.0,10.0,-0.80 (-7.41 %),,1000000,10.0,10.0,100,0,13.0
08/04/2020,,,0,10.8,10.8,10.8,0.00 (0.00 %),,0,10.8,10.8,0,0,14.0
07/04/2020,,,0,10.8,10.8,10.8,0.00 (0.00 %),,0,10.8,10.8,0,0,15.0
06/04/2020,,,0,10.8,10.8,10.8,0.00 (0.00 %),,0,10.8,10.8,0,0,16.0
03/04/2020,,,0,10.8,10.8,10.8,0.00 (0.00 %),,0,10.8,10.8,0,0,17.0
01/04/2020,,,0,9.5,10.8,10.8,1.30 (13.68 %),,1080000,10.8,10.8,100,0,18.0
31/03/2020,,,0,9.5,9.5,9.5,0.00 (0.00 %),,0,9.5,9.5,0,0,19.0
30/03/2020,,,0,9.5,9.5,9.5,0.00 (0.00 %),,0,9.5,9.5,0,0,20.0
27/03/2020,,,0,11.1,9.5,9.5,-1.60 (-14.41 %),,2850000,9.5,9.5,300,0,21.0
26/03/2020,,,0,11.9,10.2,10.2,-1.70 (-14.29 %),,4450000,10.2,10.2,400,0,2.0
25/03/2020,,,0,14.0,11.9,11.9,-2.10 (-15.00 %),,5950000,11.9,11.9,500,0,3.0
24/03/2020,,,0,14.3,15.7,12.2,-2.10 (-14.69 %),,2790000,12.2,12.2,200,0,4.0
23/03/2020,,,0,14.3,16.4,12.2,-2.10 (-14.69 %),,2860000,12.2,12.2,200,0,5.0
20/03/2020,,,0,23.7,14.3,14.3,-9.40 (-39.66 %),,1430000,14.3,14.3,100,0,6.0
19/03/2020,,,0,23.7,23.7,23.7,0.00 (0.00 %),,0,23.7,23.7,0,0,7.0
18/03/2020,,,0,23.7,23.7,23.7,0.00 (0.00 %),,0,23.7,23.7,0,0,8.0
17/03/2020,,,0,23.7,23.7,23.7,0.00 (0.00 %),,0,23.7,23.7,0,0,9.0
16/03/2020,,,0,23.7,23.7,23.7,0.00 (0.00 %),,0,23.7,23.7,0,0,10.0
13/03/2020,,,0,23.7,23.7,23.7,0.00 (0.00 %),,0,23.7,23.7,0,0,11.0
12/03/2020,,,0,23.7,23.7,23.7,0.00 (0.00 %),,0,23.7,23.7,0,0,12.0
10/03/2020,,,0,23.7,23.7,23.7,0.00 (0.00 %),,0,23.7,23.7,0,0,13.0
09/03/2020,,,0,23.7,23.7,23.7,0.00 (0.00 %),,0,23.7,23.7,0,0,14.0
06/03/2020,,,0,23.7,23.7,23.7,0.00 (0.00 %),,0,23.7,23.7,0,0,15.0
05/03/2020,,,0,23.7,23.7,23.7,0.00 (0.00 %),,0,23.7,23.7,0,0,16.0
04/03/2020,,,0,23.7,23.7,23.7,0.00 (0.00 %),,0,23.7,23.7,0,0,17.0
03/03/2020,,,0,23.7,23.7,23.7,0.00 (0.00 %),,0,23.7,23.7,0,0,18.0
02/03/2020,,,0,23.7,23.7,23.7,0.00 (0.00 %),,0,23.7,23.7,0,0,19.0
28/02/2020,,,0,23.7,23.7,23.7,0.00 (0.00 %),,0,23.7,23.7,0,0,20.0
27/02/2020,,,0,23.7,23.7,23.7,0.00 (0.00 %),,0,23.7,23.7,0,0,21.0
26/02/2020,,,0,23.7,23.7,23.7,0.00 (0.00 %),,0,23.7,23.7,0,0,2.0
25/02/2020,,,0,23.7,23.7,23.7,0.00 (0.00 %),,0,23.7,23.7,0,0,3.0
24/02/2020,,,0,23.7,23.7,23.7,0.00 (0.00 %),,0,23.7,23.7,0,0,4.0
21/02/2020,,,0,23.7,23.7,23.7,0.00 (0.00 %),,0,23.7,23.7,0,0,5.0
20/02/2020,,,0,23.7,23.7,23.7,0.00 (0.00 %),,0,23.7,23.7,0,0,6.0
19/02/2020,,,0,23.7,23.7,23.7,0.00 (0.00 %),,0,23.7,23.7,0,0,7.0
18/02/2020,,,0,23.7,23.7,23.7,0.00 (0.00 %),,0,23.7,23.7,0,0,8.0
17/02/2020,,,0,23.7,23.7,23.7,0.00 (0.00 %),,0,23.7,23.7,0,0,9.0
14/02/2020,,,0,23.7,23.7,23.7,0.00 (0.00 %),,0,23.7,23.7,0,0,10.0
13/02/2020,,,0,23.7,23.7,23.7,0.00 (0.00 %),,0,23.7,23.7,0,0,11.0
12/02/2020,,,0,23.7,23.7,23.7,0.00 (0.00 %),,0,23.7,23.7,0,0,12.0
11/02/2020,,,0,23.7,23.7,23.7,0.00 (0.00 %),,0,23.7,23.7,0,0,13.0
10/02/2020,,,0,23.7,23.7,23.7,0.00 (0.00 %),,0,23.7,23.7,0,0,14.0
07/02/2020,,,0,23.7,23.7,23.7,0.00 (0.00 %),,0,23.7,23.7,0,0,15.0
06/02/2020,,,0,23.7,23.7,23.7,0.00 (0.00 %),,0,23.7,23.7,0,0,16.0
05/02/2020,,,0,23.7,23.7,23.7,0.00 (0.00 %),,0,23.7,23.7,0,0,17.0
04/02/2020,,,0,23.7,23.7,23.7,0.00 (0.00 %),,0,23.7,23.7,0,0,18.0
03/02/2020,,,0,23.7,23.7,23.7,0.00 (0.00 %),,0,23.7,23.7,0,0,19.0
31/01/2020,,,0,23.7,23.7,23.7,0.00 (0.00 %),,0,23.7,23.7,0,0,20.0
30/01/2020,,,0,22.9,23.7,23.7,0.80 (3.49 %),,2370000,23.7,23.7,100,0,21.0
22/01/2020,,,0,22.9,22.9,22.9,0.00 (0.00 %),,0,22.9,22.9,0,0,2.0
21/01/2020,,,0,22.9,22.9,22.9,0.00 (0.00 %),,0,22.9,22.9,0,0,3.0
20/01/2020,,,0,22.9,22.9,22.9,0.00 (0.00 %),,0,22.9,22.9,0,0,4.0
17/01/2020,,,0,22.9,22.9,22.9,0.00 (0.00 %),,0,22.9,22.9,0,0,5.0
16/01/2020,,,0,22.9,22.9,22.9,0.00 (0.00 %),,0,22.9,22.9,0,0,6.0
15/01/2020,,,0,22.9,22.9,22.9,0.00 (0.00 %),,0,22.9,22.9,0,0,7.0
14/01/2020,,,0,22.9,22.9,22.9,0.00 (0.00 %),,0,22.9,22.9,0,0,8.0
13/01/2020,,,0,22.9,22.9,22.9,0.00 (0.00 %),,0,22.9,22.9,0,0,9.0
10/01/2020,,,0,22.9,22.9,22.9,0.00 (0.00 %),,0,22.9,22.9,0,0,10.0
09/01/2020,,,0,22.9,22.9,22.9,0.00 (0.00 %),,0,22.9,22.9,0,0,11.0
08/01/2020,,,0,22.9,22.9,22.9,0.00 (0.00 %),,0,22.9,22.9,0,0,12.0
07/01/2020,,,0,22.9,22.9,22.9,0.00 (0.00 %),,0,22.9,22.9,0,0,13.0
06/01/2020,,,0,21.9,22.9,22.9,1.00 (4.57 %),,2290000,22.9,22.9,100,0,14.0
03/01/2020,,,0,21.9,21.9,21.9,0.00 (0.00 %),,0,21.9,21.9,0,0,15.0
02/01/2020,,,0,21.9,21.9,21.9,0.00 (0.00 %),,0,21.9,21.9,0,0,16.0
31/12/2019,,,0,21.9,21.9,21.9,0.00 (0.00 %),,0,21.9,21.9,0,0,17.0
30/12/2019,,,0,21.9,21.9,21.9,0.00 (0.00 %),,0,21.9,21.9,0,0,18.0
27/12/2019,,,0,21.9,21.9,21.9,0.00 (0.00 %),,0,21.9,21.9,0,0,19.0
26/12/2019,,,0,21.9,21.9,21.9,0.00 (0.00 %),,0,21.9,21.9,0,0,20.0
25/12/2019,,,0,21.9,21.9,21.9,0.00 (0.00 %),,0,21.9,21.9,0,0,21.0
24/12/2019,,,0,21.9,21.9,21.9,0.00 (0.00 %),,0,21.9,21.9,0,0,2.0
23/12/2019,,,0,21.9,21.9,21.9,0.00 (0.00 %),,0,21.9,21.9,0,0,3.0
20/12/2019,,,0,21.9,21.9,21.9,0.00 (0.00 %),,0,21.9,21.9,0,0,4.0
19/12/2019,,,0,20.4,21.9,21.9,1.50 (7.35 %),,2190000,21.9,21.9,100,0,5.0
18/12/2019,,,0,20.4,20.4,20.4,0.00 (0.00 %),,1095000,20.4,20.4,50,0,6.0
17/12/2019,,,0,18.7,20.4,20.4,1.70 (9.09 %),,2040000,20.4,20.4,100,0,7.0
16/12/2019,,,0,21.9,18.7,18.7,-3.20 (-14.61 %),,3740000,18.7,18.7,200,0,8.0
13/12/2019,,,0,21.9,21.9,21.9,0.00 (0.00 %),,0,21.9,21.9,0,0,9.0
12/12/2019,,,0,21.9,21.9,21.9,0.00 (0.00 %),,0,21.9,21.9,0,0,10.0
11/12/2019,,,0,21.9,21.9,21.9,0.00 (0.00 %),,0,21.9,21.9,0,0,11.0
10/12/2019,,,0,21.9,21.9,21.9,0.00 (0.00 %),,0,21.9,21.9,0,0,12.0
09/12/2019,,,0,21.9,21.9,21.9,0.00 (0.00 %),,0,21.9,21.9,0,0,13.0
06/12/2019,,,0,21.9,21.9,21.9,0.00 (0.00 %),,0,21.9,21.9,0,0,14.0
05/12/2019,,,0,21.9,21.9,21.9,0.00 (0.00 %),,0,21.9,21.9,0,0,15.0
04/12/2019,,,0,20.8,23.0,20.8,0.00 (0.00 %),,4380000,20.8,20.8,200,0,16.0
03/12/2019,,,0,19.9,20.8,20.8,0.90 (4.52 %),,2080000,20.8,20.8,100,0,17.0
02/12/2019,,,0,17.9,19.9,17.9,0.00 (0.00 %),,1990000,17.9,17.9,100,0,18.0
29/11/2019,,,0,16.7,17.9,17.9,1.20 (7.19 %),,1790000,17.9,17.9,100,0,19.0
28/11/2019,,,0,14.8,16.7,16.7,1.90 (12.84 %),,1670000,16.7,16.7,100,0,20.0
27/11/2019,,,0,14.9,14.8,14.8,-0.10 (-0.67 %),,5920000,14.8,14.8,400,0,21.0
26/11/2019,,,0,14.9,14.9,14.9,0.00 (0.00 %),,0,14.9,14.9,0,0,2.0
25/11/2019,,,0,14.9,14.9,14.9,0.00 (0.00 %),,0,14.9,14.9,0,0,3.0
22/11/2019,,,0,14.9,14.9,14.9,0.00 (0.00 %),,0,14.9,14.9,0,0,4.0
21/11/2019,,,0,14.9,14.9,14.9,0.00 (0.00 %),,0,14.9,14.9,0,0,5.0
20/11/2019,,,0,14.9,14.9,14.9,0.00 (0.00 %),,0,14.9,14.9,0,0,6.0
19/11/2019,,,0,14.9,14.9,14.9,0.00 (0.00 %),,0,14.9,14.9,0,0,7.0
18/11/2019,,,0,14.9,14.9,14.9,0.00 (0.00 %),,0,14.9,14.9,0,0,8.0
15/11/2019,,,0,14.9,14.9,14.9,0.00 (0.00 %),,0,14.9,14.9,0,0,9.0
14/11/2019,,,0,14.9,14.9,14.9,0.00 (0.00 %),,0,14.9,14.9,0,0,10.0
13/11/2019,,,0,14.9,14.9,14.9,0.00 (0.00 %),,0,14.9,14.9,0,0,11.0
12/11/2019,,,0,14.9,14.9,14.9,0.00 (0.00 %),,0,14.9,14.9,0,0,12.0
11/11/2019,,,0,14.9,14.9,14.9,0.00 (0.00 %),,0,14.9,14.9,0,0,13.0
08/11/2019,,,0,14.9,14.9,14.9,0.00 (0.00 %),,0,14.9,14.9,0,0,14.0
07/11/2019,,,0,14.9,14.9,14.9,0.00 (0.00 %),,0,14.9,14.9,0,0,15.0
06/11/2019,,,0,14.9,14.9,14.9,0.00 (0.00 %),,0,14.9,14.9,0,0,16.0
05/11/2019,,,0,14.9,14.9,14.9,0.00 (0.00 %),,0,14.9,14.9,0,0,17.0
04/11/2019,,,0,14.9,14.9,14.9,0.00 (0.00 %),,0,14.9,14.9,0,0,18.0
01/11/2019,,,0,14.5,14.9,14.9,0.40 (2.76 %),,1490000,14.9,14.9,100,0,19.0
31/10/2019,,,0,14.5,14.5,14.5,0.00 (0.00 %),,0,14.5,14.5,0,0,20.0
30/10/2019,,,0,14.5,14.5,14.5,0.00 (0.00 %),,0,14.5,14.5,0,0,21.0
29/10/2019,,,0,14.5,14.5,14.5,0.00 (0.00 %),,0,14.5,14.5,0,0,2.0
28/10/2019,,,0,14.5,14.5,14.5,0.00 (0.00 %),,0,14.5,14.5,0,0,3.0
25/10/2019,,,0,14.5,14.5,14.5,0.00 (0.00 %),,0,14.5,14.5,0,0,4.0
24/10/2019,,,0,14.5,14.5,14.5,0.00 (0.00 %),,0,14.5,14.5,0,0,5.0
23/10/2019,,,0,14.5,14.5,14.5,0.00 (0.00 %),,0,14.5,14.5,0,0,6.0
22/10/2019,,,0,14.4,14.5,14.5,0.10 (0.69 %),,1450000,14.5,14.5,100,0,7.0
21/10/2019,,,0,14.4,14.4,14.4,0.00 (0.00 %),,0,14.4,14.4,0,0,8.0
18/10/2019,,,0,14.4,14.4,14.4,0.00 (0.00 %),,0,14.4,14.4,0,0,9.0
17/10/2019,,,0,14.4,14.4,14.4,0.00 (0.00 %),,0,14.4,14.4,0,0,10.0
16/10/2019,,,0,14.4,14.4,14.4,0.00 (0.00 %),,0,14.4,14.4,0,0,11.0
15/10/2019,,,0,14.4,14.4,14.4,0.00 (0.00 %),,0,14.4,14.4,0,0,12.0
14/10/2019,,,0,14.4,14.4,14.4,0.00 (0.00 %),,0,14.4,14.4,0,0,13.0
11/10/2019,,,0,14.4,14.4,14.4,0.00 (0.00 %),,0,14.4,14.4,0,0,14.0
10/10/2019,,,0,14.4,14.4,14.4,0.00 (0.00 %),,0,14.4,14.4,0,0,15.0
09/10/2019,,,0,14.4,14.4,14.4,0.00 (0.00 %),,0,14.4,14.4,0,0,16.0
08/10/2019,,,0,14.4,14.4,14.4,0.00 (0.00 %),,0,14.4,14.4,0,0,17.0
07/10/2019,,,0,14.4,14.4,14.4,0.00 (0.00 %),,0,14.4,14.4,0,0,18.0
04/10/2019,,,0,14.4,14.4,14.4,0.00 (0.00 %),,0,14.4,14.4,0,0,19.0
03/10/2019,,,0,14.4,14.4,14.4,0.00 (0.00 %),,0,14.4,14.4,0,0,20.0
02/10/2019,,,0,13.5,14.4,14.4,0.90 (6.67 %),,1440000,14.4,14.4,100,0,21.0
01/10/2019,,,0,11.9,13.5,13.5,1.60 (13.45 %),,1350000,13.5,13.5,100,0,2.0
30/09/2019,,,0,13.9,11.9,11.9,-2.00 (-14.39 %),,29750000,11.9,11.9,2500,0,3.0
27/09/2019,,,0,13.9,13.9,13.9,0.00 (0.00 %),,0,13.9,13.9,0,0,4.0
26/09/2019,,,0,13.9,13.9,13.9,0.00 (0.00 %),,0,13.9,13.9,0,0,5.0
25/09/2019,,,0,13.9,13.9,13.9,0.00 (0.00 %),,0,13.9,13.9,0,0,6.0
24/09/2019,,,0,13.9,13.9,13.9,0.00 (0.00 %),,0,13.9,13.9,0,0,7.0
23/09/2019,,,0,13.9,13.9,13.9,0.00 (0.00 %),,0,13.9,13.9,0,0,8.0
20/09/2019,,,0,13.9,13.9,13.9,0.00 (0.00 %),,0,13.9,13.9,0,0,9.0
19/09/2019,,,0,13.9,13.9,13.9,0.00 (0.00 %),,0,13.9,13.9,0,0,10.0
18/09/2019,,,0,13.9,13.9,13.9,0.00 (0.00 %),,0,13.9,13.9,0,0,11.0
17/09/2019,,,0,13.9,13.9,13.9,0.00 (0.00 %),,0,13.9,13.9,0,0,12.0
16/09/2019,,,0,13.9,13.9,13.9,0.00 (0.00 %),,0,13.9,13.9,0,0,13.0
13/09/2019,,,0,13.9,13.9,13.9,0.00 (0.00 %),,0,13.9,13.9,0,0,14.0
12/09/2019,,,0,13.9,13.9,13.9,0.00 (0.00 %),,0,13.9,13.9,0,0,15.0
11/09/2019,,,0,13.9,13.9,13.9,0.00 (0.00 %),,0,13.9,13.9,0,0,16.0
10/09/2019,,,0,12.3,13.9,13.9,1.60 (13.01 %),,1390000,13.9,13.9,100,0,17.0
09/09/2019,,,0,10.8,12.3,12.3,1.50 (13.89 %),,1230000,12.3,12.3,100,0,18.0
06/09/2019,,,0,12.6,10.8,10.8,-1.80 (-14.29 %),,1080000,10.8,10.8,100,0,19.0
05/09/2019,,,0,12.9,11.0,14.2,1.30 (10.08 %),,7570000,14.2,14.2,600,0,20.0
04/09/2019,,,0,11.7,12.9,12.9,1.20 (10.26 %),,1290000,12.9,12.9,100,0,21.0
03/09/2019,,,0,12.4,10.6,13.9,1.50 (12.10 %),,3510000,13.9,13.9,300,0,2.0
30/08/2019,,,0,12.4,12.4,12.4,0.00 (0.00 %),,0,12.4,12.4,0,0,3.0
29/08/2019,,,0,11.1,12.4,12.4,1.30 (11.71 %),,1240000,12.4,12.4,100,0,4.0
28/08/2019,,,0,9.8,11.1,11.1,1.30 (13.27 %),,1110000,11.1,11.1,100,0,5.0
27/08/2019,,,0,11.5,9.8,9.8,-1.70 (-14.78 %),,7840000,9.8,9.8,800,0,6.0
26/08/2019,,,0,11.3,9.7,12.6,1.30 (11.50 %),,5730000,12.6,12.6,500,0,7.0
23/08/2019,,,0,13.2,11.3,11.3,-1.90 (-14.39 %),,3390000,11.3,11.3,300,0,8.0
22/08/2019,,,0,13.2,13.2,13.2,0.00 (0.00 %),,0,13.2,13.2,0,0,9.0
21/08/2019,,,0,13.2,13.2,13.2,0.00 (0.00 %),,0,13.2,13.2,0,0,10.0
20/08/2019,,,0,13.2,13.2,13.2,0.00 (0.00 %),,0,13.2,13.2,0,0,11.0
19/08/2019,,,0,13.2,13.2,13.2,0.00 (0.00 %),,0,13.2,13.2,0,0,12.0
16/08/2019,,,0,13.2,13.2,13.2,0.00 (0.00 %),,0,13.2,13.2,0,0,13.0
15/08/2019,,,0,13.2,13.2,13.2,0.00 (0.00 %),,0,13.2,13.2,0,0,14.0
14/08/2019,,,0,13.2,13.2,13.2,0.00 (0.00 %),,0,13.2,13.2,0,0,15.0
13/08/2019,,,0,13.2,13.2,13.2,0.00 (0.00 %),,0,13.2,13.2,0,0,16.0
12/08/2019,,,0,13.2,13.2,13.2,0.00 (0.00 %),,0,13.2,13.2,0,0,17.0
09/08/2019,,,0,13.2,13.2,13.2,0.00 (0.00 %),,0,13.2,13.2,0,0,18.0
08/08/2019,,,0,13.2,13.2,13.2,0.00 (0.00 %),,0,13.2,13.2,0,0,19.0
07/08/2019,,,0,13.2,13.2,13.2,0.00 (0.00 %),,0,13.2,13.2,0,0,20.0
06/08/2019,,,0,13.2,13.2,13.2,0.00 (0.00 %),,0,13.2,13.2,0,0,21.0
05/08/2019,,,0,13.2,13.2,13.2,0.00 (0.00 %),,0,13.2,13.2,0,0,2.0
02/08/2019,,,0,13.2,13.2,13.2,0.00 (0.00 %),,0,13.2,13.2,0,0,3.0
01/08/2019,,,0,13.2,13.2,13.2,0.00 (0.00 %),,0,13.2,13.2,0,0,4.0
31/07/2019,,,0,13.2,13.2,13.2,0.00 (0.00 %),,0,13.2,13.2,0,0,5.0
30/07/2019,,,0,13.2,13.2,13.2,0.00 (0.00 %),,0,13.2,13.2,0,0,6.0
29/07/2019,,,0,13.2,13.2,13.2,0.00 (0.00 %),,0,13.2,13.2,0,0,7.0
26/07/2019,,,0,13.2,13.2,13.2,0.00 (0.00 %),,0,13.2,13.2,0,0,8.0
25/07/2019,,,0,13.2,13.2,13.2,0.00 (0.00 %),,0,13.2,13.2,0,0,9.0
24/07/2019,,,0,13.2,13.2,13.2,0.00 (0.00 %),,0,13.2,13.2,0,0,10.0
23/07/2019,,,0,13.2,13.2,13.2,0.00 (0.00 %),,0,13.2,13.2,0,0,11.0
22/07/2019,,,0,13.2,13.2,13.2,0.00 (0.00 %),,0,13.2,13.2,0,0,12.0
19/07/2019,,,0,12.2,13.2,13.2,1.00 (8.20 %),,1320000,13.2,13.2,100,0,13.0
18/07/2019,,,0,10.7,12.3,12.0,1.30 (12.15 %),,2430000,12.0,12.0,200,0,14.0
17/07/2019,,,0,10.7,10.7,10.7,0.00 (0.00 %),,0,10.7,10.7,0,0,15.0
16/07/2019,,,0,10.7,10.7,10.7,0.00 (0.00 %),,0,10.7,10.7,0,0,16.0
15/07/2019,,,0,10.7,10.7,10.7,0.00 (0.00 %),,0,10.7,10.7,0,0,17.0
12/07/2019,,,0,10.7,10.7,10.7,0.00 (0.00 %),,0,10.7,10.7,0,0,18.0
11/07/2019,,,0,10.7,10.7,10.7,0.00 (0.00 %),,0,10.7,10.7,0,0,19.0
10/07/2019,,,0,10.7,10.7,10.7,0.00 (0.00 %),,0,10.7,10.7,0,0,20.0
09/07/2019,,,0,10.7,10.7,10.7,0.00 (0.00 %),,0,10.7,10.7,0,0,21.0
08/07/2019,,,0,10.7,10.7,10.7,0.00 (0.00 %),,0,10.7,10.7,0,0,2.0
05/07/2019,,,0,12.5,10.7,10.7,-1.80 (-14.40 %),,53500000,10.7,10.7,5000,0,3.0
04/07/2019,,,0,12.5,12.5,12.5,0.00 (0.00 %),,0,12.5,12.5,0,0,4.0
03/07/2019,,,0,12.5,12.5,12.5,0.00 (0.00 %),,0,12.5,12.5,0,0,5.0
02/07/2019,,,0,12.5,12.5,12.5,0.00 (0.00 %),,0,12.5,12.5,0,0,6.0
01/07/2019,,,0,12.3,12.5,12.5,0.20 (1.63 %),,1250000,12.5,12.5,100,0,7.0
28/06/2019,,,0,11.6,12.0,12.4,0.80 (6.90 %),,4920000,12.4,12.4,400,0,8.0
27/06/2019,,,0,11.6,11.6,11.6,0.00 (0.00 %),,0,11.6,11.6,0,0,9.0
26/06/2019,,,0,11.2,11.6,11.6,0.40 (3.57 %),,1160000,11.6,11.6,100,0,10.0
25/06/2019,,,0,10.1,11.2,11.2,1.10 (10.89 %),,1120000,11.2,11.2,100,0,11.0
24/06/2019,,,0,10.1,10.1,10.1,0.00 (0.00 %),,0,10.1,10.1,0,0,12.0
21/06/2019,,,0,11.6,12.8,9.9,-1.70 (-14.66 %),,27220000,9.9,9.9,2700,0,13.0
20/06/2019,,,0,13.6,11.6,11.6,-2.00 (-14.71 %),,34800000,11.6,11.6,3000,0,14.0
19/06/2019,,,0,13.3,13.6,13.6,0.30 (2.26 %),,1360000,13.6,13.6,100,0,15.0
18/06/2019,,,0,14.3,13.0,13.9,-0.40 (-2.80 %),,5310000,13.9,13.9,400,0,16.0
17/06/2019,,,0,14.3,14.3,14.3,0.00 (0.00 %),,0,14.3,14.3,0,0,17.0
14/06/2019,,,0,14.3,14.3,14.3,0.00 (0.00 %),,0,14.3,14.3,0,0,18.0
13/06/2019,,,0,14.3,14.3,14.3,0.00 (0.00 %),,0,14.3,14.3,0,0,19.0
12/06/2019,,,0,14.3,14.3,14.3,0.00 (0.00 %),,0,14.3,14.3,0,0,20.0
11/06/2019,,,0,14.3,14.3,14.3,0.00 (0.00 %),,0,14.3,14.3,0,0,21.0
10/06/2019,,,0,14.3,14.3,14.3,0.00 (0.00 %),,0,14.3,14.3,0,0,2.0
07/06/2019,,,0,14.3,14.3,14.3,0.00 (0.00 %),,0,14.3,14.3,0,0,3.0
06/06/2019,,,0,14.3,14.3,14.3,0.00 (0.00 %),,0,14.3,14.3,0,0,4.0
05/06/2019,,,0,14.3,14.3,14.3,0.00 (0.00 %),,0,14.3,14.3,0,0,5.0
04/06/2019,,,0,14.3,14.3,14.3,0.00 (0.00 %),,12870000,14.3,14.3,900,0,6.0
03/06/2019,,,0,13.8,13.7,14.3,0.50 (3.62 %),,14300000,14.3,14.3,1000,0,7.0
31/05/2019,,,0,13.8,13.8,13.8,0.00 (0.00 %),,0,13.8,13.8,0,0,8.0
30/05/2019,,,0,13.0,13.8,13.8,0.80 (6.15 %),,1380000,13.8,13.8,100,0,9.0
29/05/2019,,,0,13.6,11.6,13.2,-0.40 (-2.94 %),,10400000,13.2,13.2,800,0,10.0
28/05/2019,,,0,16.0,13.6,13.6,-2.40 (-15.00 %),,1360000,13.6,13.6,100,0,11.0
27/05/2019,,,0,16.0,16.0,16.0,0.00 (0.00 %),,0,16.0,16.0,0,0,12.0
24/05/2019,,,0,16.0,16.0,16.0,0.00 (0.00 %),,0,16.0,16.0,0,0,13.0
23/05/2019,,,0,16.0,16.0,16.0,0.00 (0.00 %),,0,16.0,16.0,0,0,14.0
22/05/2019,,,0,16.0,16.0,16.0,0.00 (0.00 %),,0,16.0,16.0,0,0,15.0
21/05/2019,,,0,16.0,16.0,16.0,0.00 (0.00 %),,0,16.0,16.0,0,0,16.0
20/05/2019,,,0,16.0,16.0,16.0,0.00 (0.00 %),,0,16.0,16.0,0,0,17.0
17/05/2019,,,0,16.0,16.0,16.0,0.00 (0.00 %),,0,16.0,16.0,0,0,18.0
16/05/2019,,,0,15.3,16.0,16.0,0.70 (4.58 %),,1600000,16.0,16.0,100,0,19.0
15/05/2019,,,0,15.3,15.3,15.3,0.00 (0.00 %),,0,15.3,15.3,0,0,20.0
14/05/2019,,,0,15.3,15.3,15.3,0.00 (0.00 %),,0,15.3,15.3,0,0,21.0
13/05/2019,,,0,13.6,15.5,15.0,1.40 (10.29 %),,3050000,15.0,15.0,200,0,2.0
10/05/2019,,,0,15.9,13.6,13.6,-2.30 (-14.47 %),,1360000,13.6,13.6,100,0,3.0
09/05/2019,,,0,15.9,15.9,15.9,0.00 (0.00 %),,0,15.9,15.9,0,0,4.0
08/05/2019,,,0,15.9,15.9,15.9,0.00 (0.00 %),,0,15.9,15.9,0,0,5.0
07/05/2019,,,0,15.9,15.9,15.9,0.00 (0.00 %),,0,15.9,15.9,0,0,6.0
06/05/2019,,,0,14.5,15.9,15.9,1.40 (9.66 %),,1590000,15.9,15.9,100,0,7.0
03/05/2019,,,0,14.5,14.5,14.5,0.00 (0.00 %),,0,14.5,14.5,0,0,8.0
02/05/2019,,,0,13.0,14.5,14.5,1.50 (11.54 %),,1450000,14.5,14.5,100,0,9.0
26/04/2019,,,0,11.7,13.2,13.0,1.30 (11.11 %),,27320000,13.0,13.0,2100,0,10.0
25/04/2019,,,0,10.3,11.7,11.7,1.40 (13.59 %),,1170000,11.7,11.7,100,0,11.0
24/04/2019,,,0,10.4,10.1,10.5,0.10 (0.96 %),,71795000,10.5,10.5,6950,0,12.0
23/04/2019,,,0,11.8,10.1,10.1,-1.70 (-14.41 %),,37240000,10.1,10.1,3600,0,13.0
22/04/2019,,,0,13.8,12.0,11.8,-2.00 (-14.49 %),,8280000,11.8,11.8,700,0,14.0
19/04/2019,,,0,16.2,13.8,13.8,-2.40 (-14.81 %),,2760000,13.8,13.8,200,0,15.0
18/04/2019,,,0,14.3,16.2,16.2,1.90 (13.29 %),,1620000,16.2,16.2,100,0,16.0
17/04/2019,,,0,12.6,14.3,14.3,1.70 (13.49 %),,1430000,14.3,14.3,100,0,17.0
16/04/2019,,,0,12.6,12.6,12.6,0.00 (0.00 %),,0,12.6,12.6,0,0,18.0
12/04/2019,,,0,14.6,12.6,12.5,-2.10 (-14.38 %),,5020000,12.5,12.5,400,0,19.0
11/04/2019,,,0,17.1,14.6,14.6,-2.50 (-14.62 %),,4380000,14.6,14.6,300,0,20.0
10/04/2019,,,0,18.3,15.6,18.1,-0.20 (-1.09 %),,8550000,18.1,18.1,500,0,21.0
09/04/2019,,,0,21.5,18.3,18.3,-3.20 (-14.88 %),,1830000,18.3,18.3,100,0,2.0
08/04/2019,,,0,21.6,24.6,18.4,-3.20 (-14.81 %),,4300000,18.4,18.4,200,0,3.0
05/04/2019,,,0,21.6,21.6,21.6,0.00 (0.00 %),,0,21.6,21.6,0,0,4.0
04/04/2019,,,0,21.6,21.6,21.6,0.00 (0.00 %),,0,21.6,21.6,0,0,5.0
03/04/2019,,,0,21.6,21.6,21.6,0.00 (0.00 %),,0,21.6,21.6,0,0,6.0
02/04/2019,,,0,21.6,21.6,21.6,0.00 (0.00 %),,0,21.6,21.6,0,0,7.0
01/04/2019,,,0,18.9,21.6,21.6,2.70 (14.29 %),,2160000,21.6,21.6,100,0,8.0
29/03/2019,,,0,18.9,18.9,18.9,0.00 (0.00 %),,0,18.9,18.9,0,0,9.0
28/03/2019,,,0,18.9,18.9,18.9,0.00 (0.00 %),,0,18.9,18.9,0,0,10.0
27/03/2019,,,0,22.2,18.9,18.9,-3.30 (-14.86 %),,7560000,18.9,18.9,400,0,11.0
26/03/2019,,,0,22.2,22.2,22.2,0.00 (0.00 %),,0,22.2,22.2,0,0,12.0
25/03/2019,,,0,19.4,22.2,22.2,2.80 (14.43 %),,2220000,22.2,22.2,100,0,13.0
22/03/2019,,,0,20.9,20.9,17.8,-3.10 (-14.83 %),,3870000,17.8,17.8,200,0,14.0
21/03/2019,,,0,24.5,20.9,20.9,-3.60 (-14.69 %),,2090000,20.9,20.9,100,0,15.0
20/03/2019,,,0,24.5,28.0,20.9,-3.60 (-14.69 %),,4890000,20.9,20.9,200,0,16.0
19/03/2019,,,0,24.5,24.5,24.5,0.00 (0.00 %),,0,24.5,24.5,0,0,17.0
18/03/2019,,,0,24.5,24.5,24.5,0.00 (0.00 %),,0,24.5,24.5,0,0,18.0
15/03/2019,,,0,24.8,24.5,24.5,-0.30 (-1.21 %),,2450000,24.5,24.5,100,0,19.0
14/03/2019,,,0,21.8,24.8,24.8,3.00 (13.76 %),,2480000,24.8,24.8,100,0,20.0
13/03/2019,,,0,19.1,21.8,21.8,2.70 (14.14 %),,2180000,21.8,21.8,100,0,21.0
12/03/2019,,,0,19.1,19.1,19.1,0.00 (0.00 %),,0,19.1,19.1,0,0,2.0
11/03/2019,,,0,19.1,19.1,19.1,0.00 (0.00 %),,0,19.1,19.1,0,0,3.0
08/03/2019,,,0,17.2,19.6,19.0,1.80 (10.47 %),,13360000,19.0,19.0,700,0,4.0
07/03/2019,,,0,17.9,17.2,17.2,-0.70 (-3.91 %),,22360000,17.2,17.2,1300,0,5.0
06/03/2019,,,0,20.2,23.1,17.2,-3.00 (-14.85 %),,16070000,17.2,17.2,900,0,6.0
05/03/2019,,,0,23.7,20.2,20.2,-3.50 (-14.77 %),,10100000,20.2,20.2,500,0,7.0
04/03/2019,,,0,21.3,18.2,24.4,3.10 (14.55 %),,23700000,24.4,24.4,1000,0,8.0
01/03/2019,,,0,22.2,18.9,24.9,2.70 (12.16 %),,11122500,24.9,24.9,525,0,9.0
28/02/2019,,,0,25.6,29.2,22.0,-3.60 (-14.06 %),,42260000,22.0,22.0,1900,0,10.0
27/02/2019,,,0,22.5,25.6,25.6,3.10 (13.78 %),,2560000,25.6,25.6,100,0,11.0
26/02/2019,,,0,26.4,22.5,22.5,-3.90 (-14.77 %),,2250000,22.5,22.5,100,0,12.0
25/02/2019,,,0,23.1,26.4,26.4,3.30 (14.29 %),,2640000,26.4,26.4,100,0,13.0
22/02/2019,,,0,23.1,26.4,19.7,-3.40 (-14.72 %),,4610000,19.7,19.7,200,0,14.0
21/02/2019,,,0,27.0,23.1,23.1,-3.90 (-14.44 %),,4620000,23.1,23.1,200,0,15.0
20/02/2019,,,0,23.8,27.0,27.0,3.20 (13.45 %),,5400000,27.0,27.0,200,0,16.0
19/02/2019,,,0,22.8,26.0,19.4,-3.40 (-14.91 %),,7140000,19.4,19.4,300,0,17.0
18/02/2019,,,0,22.9,26.0,19.5,-3.40 (-14.85 %),,4550000,19.5,19.5,200,0,18.0
15/02/2019,,,0,25.7,29.0,21.9,-3.80 (-14.79 %),,16040000,21.9,21.9,700,0,19.0
14/02/2019,,,0,30.2,25.7,25.7,-4.50 (-14.90 %),,2570000,25.7,25.7,100,0,20.0
13/02/2019,,,0,32.0,27.2,31.7,-0.30 (-0.94 %),,9060000,31.7,31.7,300,0,21.0
12/02/2019,,,0,32.0,32.0,32.0,0.00 (0.00 %),,0,32.0,32.0,0,0,2.0
11/02/2019,,,0,33.2,28.3,32.9,-0.30 (-0.90 %),,16010000,32.9,32.9,500,0,3.0
01/02/2019,,,0,33.2,33.2,33.2,0.00 (0.00 %),,3320000,33.2,33.2,100,0,4.0
31/01/2019,,,0,39.0,33.2,33.2,-5.80 (-14.87 %),,9960000,33.2,33.2,300,0,5.0
30/01/2019,,,0,39.0,39.0,39.0,0.00 (0.00 %),,0,39.0,39.0,0,0,6.0
29/01/2019,,,0,39.0,39.0,39.0,0.00 (0.00 %),,0,39.0,39.0,0,0,7.0
28/01/2019,,,0,39.0,39.0,39.0,0.00 (0.00 %),,0,39.0,39.0,0,0,8.0
25/01/2019,,,0,38.9,39.0,39.0,0.10 (0.26 %),,3900000,39.0,39.0,100,0,9.0
24/01/2019,,,0,38.9,38.9,38.9,0.00 (0.00 %),,0,38.9,38.9,0,0,10.0
23/01/2019,,,0,38.9,38.9,38.9,0.00 (0.00 %),,0,38.9,38.9,0,0,11.0
22/01/2019,,,0,40.3,38.9,38.9,-1.40 (-3.47 %),,3890000,38.9,38.9,100,0,12.0
21/01/2019,,,0,40.3,40.3,40.3,0.00 (0.00 %),,0,40.3,40.3,0,0,13.0
18/01/2019,,,0,40.3,40.3,40.3,0.00 (0.00 %),,0,40.3,40.3,0,0,14.0
17/01/2019,,,0,40.3,40.3,40.3,0.00 (0.00 %),,0,40.3,40.3,0,0,15.0
16/01/2019,,,0,40.3,40.3,40.3,0.00 (0.00 %),,0,40.3,40.3,0,0,16.0
15/01/2019,,,0,40.3,40.3,40.3,0.00 (0.00 %),,0,40.3,40.3,0,0,17.0
14/01/2019,,,0,40.3,40.3,40.3,0.00 (0.00 %),,0,40.3,40.3,0,0,18.0
11/01/2019,,,0,40.3,40.3,40.3,0.00 (0.00 %),,0,40.3,40.3,0,0,19.0
10/01/2019,,,0,40.3,40.3,40.3,0.00 (0.00 %),,0,40.3,40.3,0,0,20.0
09/01/2019,,,0,40.3,40.3,40.3,0.00 (0.00 %),,0,40.3,40.3,0,0,21.0
08/01/2019,,,0,40.3,40.3,40.3,0.00 (0.00 %),,0,40.3,40.3,0,0,2.0
07/01/2019,,,0,40.3,40.3,40.3,0.00 (0.00 %),,0,40.3,40.3,0,0,3.0
04/01/2019,,,0,40.3,40.3,40.3,0.00 (0.00 %),,0,40.3,40.3,0,0,4.0
03/01/2019,,,0,40.3,40.3,40.3,0.00 (0.00 %),,0,40.3,40.3,0,0,5.0
02/01/2019,,,0,40.3,40.3,40.3,0.00 (0.00 %),,0,40.3,40.3,0,0,6.0
28/12/2018,,,0,40.3,40.3,40.3,0.00 (0.00 %),,0,40.3,40.3,0,0,7.0
27/12/2018,,,0,40.3,40.3,40.3,0.00 (0.00 %),,0,40.3,40.3,0,0,8.0
26/12/2018,,,0,40.3,40.3,40.3,0.00 (0.00 %),,0,40.3,40.3,0,0,9.0
25/12/2018,,,0,40.3,40.3,40.3,0.00 (0.00 %),,0,40.3,40.3,0,0,10.0
24/12/2018,,,0,39.9,40.3,40.3,0.40 (1.00 %),,4030000,40.3,40.3,100,0,11.0
21/12/2018,,,0,40.3,39.9,39.9,-0.40 (-0.99 %),,7980000,39.9,39.9,200,0,12.0
20/12/2018,,,0,40.3,40.3,40.3,0.00 (0.00 %),,0,40.3,40.3,0,0,13.0
19/12/2018,,,0,40.3,40.3,40.3,0.00 (0.00 %),,0,40.3,40.3,0,0,14.0
18/12/2018,,,0,40.3,40.3,40.3,0.00 (0.00 %),,0,40.3,40.3,0,0,15.0
17/12/2018,,,0,40.3,40.3,40.3,0.00 (0.00 %),,0,40.3,40.3,0,0,16.0
14/12/2018,,,0,40.3,40.3,40.3,0.00 (0.00 %),,0,40.3,40.3,0,0,17.0
13/12/2018,,,0,40.3,40.3,40.3,0.00 (0.00 %),,0,40.3,40.3,0,0,18.0
12/12/2018,,,0,40.3,40.3,40.3,0.00 (0.00 %),,0,40.3,40.3,0,0,19.0
11/12/2018,,,0,39.8,40.3,40.3,0.50 (1.26 %),,4030000,40.3,40.3,100,0,20.0
10/12/2018,,,0,40.4,39.9,39.7,-0.70 (-1.73 %),,27890000,39.7,39.7,700,0,21.0
07/12/2018,,,0,40.4,40.4,40.4,0.00 (0.00 %),,0,40.4,40.4,0,0,2.0
06/12/2018,,,0,40.4,40.4,40.4,0.00 (0.00 %),,0,40.4,40.4,0,0,3.0
05/12/2018,,,0,40.4,40.4,40.4,0.00 (0.00 %),,0,40.4,40.4,0,0,4.0
04/12/2018,,,0,40.4,40.4,40.4,0.00 (0.00 %),,0,40.4,40.4,0,0,5.0
03/12/2018,,,0,39.9,40.4,40.4,0.50 (1.25 %),,4040000,40.4,40.4,100,0,6.0
30/11/2018,,,0,39.9,39.9,39.9,0.00 (0.00 %),,0,39.9,39.9,0,0,7.0
29/11/2018,,,0,39.9,39.9,39.9,0.00 (0.00 %),,0,39.9,39.9,0,0,8.0
28/11/2018,,,0,40.5,39.9,39.9,-0.60 (-1.48 %),,3990000,39.9,39.9,100,0,9.0
27/11/2018,,,0,40.6,40.5,40.5,-0.10 (-0.25 %),,4050000,40.5,40.5,100,0,10.0
26/11/2018,,,0,40.3,40.6,40.6,0.30 (0.74 %),,4060000,40.6,40.6,100,0,11.0
23/11/2018,,,0,39.9,40.3,40.3,0.40 (1.00 %),,4030000,40.3,40.3,100,0,12.0
22/11/2018,,,0,40.0,39.9,39.9,-0.10 (-0.25 %),,3990000,39.9,39.9,100,0,13.0
21/11/2018,,,0,40.0,40.0,40.0,0.00 (0.00 %),,0,40.0,40.0,0,0,14.0
20/11/2018,,,0,40.0,40.0,40.0,0.00 (0.00 %),,0,40.0,40.0,0,0,15.0
19/11/2018,,,0,40.1,40.0,40.0,-0.10 (-0.25 %),,4000000,40.0,40.0,100,0,16.0
16/11/2018,,,0,40.1,40.1,40.1,0.00 (0.00 %),,0,40.1,40.1,0,0,17.0
15/11/2018,,,0,40.1,40.1,40.1,0.00 (0.00 %),,0,40.1,40.1,0,0,18.0
14/11/2018,,,0,39.9,40.2,40.1,0.20 (0.50 %),,12040000,40.1,40.1,300,0,19.0
13/11/2018,,,0,40.0,39.9,39.9,-0.10 (-0.25 %),,19950000,39.9,39.9,500,0,20.0
12/11/2018,,,0,40.0,40.0,40.0,0.00 (0.00 %),,0,40.0,40.0,0,0,21.0
09/11/2018,,,0,40.1,40.0,40.0,-0.10 (-0.25 %),,12000000,40.0,40.0,300,0,2.0
08/11/2018,,,0,40.1,40.1,40.1,0.00 (0.00 %),,20050000,40.1,40.1,500,0,3.0
07/11/2018,,,0,40.0,40.1,40.1,0.10 (0.25 %),,20050000,40.1,40.1,500,0,4.0
06/11/2018,,,0,40.0,40.0,40.0,0.00 (0.00 %),,0,40.0,40.0,0,0,5.0
05/11/2018,,,0,40.0,40.0,40.0,0.00 (0.00 %),,12000000,40.0,40.0,300,0,6.0
02/11/2018,,,0,40.0,40.0,40.0,0.00 (0.00 %),,0,40.0,40.0,0,0,7.0
01/11/2018,,,0,40.0,40.0,40.0,0.00 (0.00 %),,0,40.0,40.0,0,0,8.0
31/10/2018,,,0,40.0,40.0,40.0,0.00 (0.00 %),,0,40.0,40.0,0,0,9.0
30/10/2018,,,0,40.0,40.0,40.0,0.00 (0.00 %),,0,40.0,40.0,0,0,10.0
29/10/2018,,,0,40.0,40.0,40.0,0.00 (0.00 %),,0,40.0,40.0,0,0,11.0
26/10/2018,,,0,40.0,40.0,40.0,0.00 (0.00 %),,0,40.0,40.0,0,0,12.0
25/10/2018,,,0,38.0,40.0,40.0,2.00 (5.26 %),,4000000,40.0,40.0,100,0,13.0
24/10/2018,,,0,38.0,38.0,38.0,0.00 (0.00 %),,0,38.0,38.0,0,0,14.0
23/10/2018,,,0,37.4,38.0,38.0,0.60 (1.60 %),,3800000,38.0,38.0,100,0,15.0
22/10/2018,,,0,37.4,37.4,37.4,0.00 (0.00 %),,0,37.4,37.4,0,0,16.0
19/10/2018,,,0,37.4,37.4,37.4,0.00 (0.00 %),,0,37.4,37.4,0,0,17.0
18/10/2018,,,0,37.4,37.4,37.4,0.00 (0.00 %),,0,37.4,37.4,0,0,18.0
17/10/2018,,,0,37.4,37.4,37.4,0.00 (0.00 %),,0,37.4,37.4,0,0,19.0
16/10/2018,,,0,37.4,37.4,37.4,0.00 (0.00 %),,0,37.4,37.4,0,0,20.0
15/10/2018,,,0,37.4,37.4,37.4,0.00 (0.00 %),,0,37.4,37.4,0,0,21.0
12/10/2018,,,0,37.4,37.4,37.4,0.00 (0.00 %),,0,37.4,37.4,0,0,2.0
11/10/2018,,,0,37.4,37.4,37.4,0.00 (0.00 %),,0,37.4,37.4,0,0,3.0
10/10/2018,,,0,37.4,37.4,37.4,0.00 (0.00 %),,0,37.4,37.4,0,0,4.0
09/10/2018,,,0,36.8,37.4,37.4,0.60 (1.63 %),,3740000,37.4,37.4,100,0,5.0
08/10/2018,,,0,36.5,36.8,36.8,0.30 (0.82 %),,3680000,36.8,36.8,100,0,6.0
05/10/2018,,,0,36.5,36.5,36.5,0.00 (0.00 %),,0,36.5,36.5,0,0,7.0
04/10/2018,,,0,36.5,36.5,36.5,0.00 (0.00 %),,0,36.5,36.5,0,0,8.0
03/10/2018,,,0,36.0,36.5,36.5,0.50 (1.39 %),,3650000,36.5,36.5,100,0,9.0
02/10/2018,,,0,36.0,36.0,36.0,0.00 (0.00 %),,0,36.0,36.0,0,0,10.0
01/10/2018,,,0,36.0,36.0,36.0,0.00 (0.00 %),,0,36.0,36.0,0,0,11.0
28/09/2018,,,0,36.0,36.0,36.0,0.00 (0.00 %),,0,36.0,36.0,0,0,12.0
27/09/2018,,,0,36.0,36.0,36.0,0.00 (0.00 %),,0,36.0,36.0,0,0,13.0
26/09/2018,,,0,35.0,36.0,36.0,1.00 (2.86 %),,3600000,36.0,36.0,100,0,14.0
25/09/2018,,,0,35.0,35.0,35.0,0.00 (0.00 %),,0,35.0,35.0,0,0,15.0
24/09/2018,,,0,35.0,35.0,35.0,0.00 (0.00 %),,0,35.0,35.0,0,0,16.0
21/09/2018,,,0,35.0,35.0,35.0,0.00 (0.00 %),,0,35.0,35.0,0,0,17.0
20/09/2018,,,0,35.0,35.0,35.0,0.00 (0.00 %),,0,35.0,35.0,0,0,18.0
19/09/2018,,,0,33.8,35.0,35.0,1.20 (3.55 %),,3500000,35.0,35.0,100,0,19.0
18/09/2018,,,0,33.8,33.8,33.8,0.00 (0.00 %),,0,33.8,33.8,0,0,20.0
17/09/2018,,,0,33.8,33.8,33.8,0.00 (0.00 %),,0,33.8,33.8,0,0,21.0
14/09/2018,,,0,33.8,33.8,33.8,0.00 (0.00 %),,0,33.8,33.8,0,0,2.0
13/09/2018,,,0,33.8,33.8,33.8,0.00 (0.00 %),,0,33.8,33.8,0,0,3.0
12/09/2018,,,0,33.3,33.8,33.8,0.50 (1.50 %),,3380000,33.8,33.8,100,0,4.0
11/09/2018,,,0,33.3,33.3,33.3,0.00 (0.00 %),,0,33.3,33.3,0,0,5.0
10/09/2018,,,0,33.3,33.3,33.3,0.00 (0.00 %),,0,33.3,33.3,0,0,6.0
07/09/2018,,,0,33.3,33.3,33.3,0.00 (0.00 %),,0,33.3,33.3,0,0,7.0
06/09/2018,,,0,33.0,33.3,33.3,0.30 (0.91 %),,3330000,33.3,33.3,100,0,8.0
05/09/2018,,,0,32.6,33.0,33.0,0.40 (1.23 %),,3300000,33.0,33.0,100,0,9.0
04/09/2018,,,0,32.0,32.6,32.6,0.60 (1.88 %),,3260000,32.6,32.6,100,0,10.0
31/08/2018,,,0,32.0,32.0,32.0,0.00 (0.00 %),,0,32.0,32.0,0,0,11.0
30/08/2018,,,0,32.0,32.0,32.0,0.00 (0.00 %),,0,32.0,32.0,0,0,12.0
29/08/2018,,,0,32.0,32.0,32.0,0.00 (0.00 %),,0,32.0,32.0,0,0,13.0
28/08/2018,,,0,32.0,32.0,32.0,0.00 (0.00 %),,0,32.0,32.0,0,0,14.0
27/08/2018,,,0,31.4,32.0,32.0,0.60 (1.91 %),,3200000,32.0,32.0,100,0,15.0
24/08/2018,,,0,31.4,31.4,31.4,0.00 (0.00 %),,0,31.4,31.4,0,0,16.0
23/08/2018,,,0,31.4,31.4,31.4,0.00 (0.00 %),,0,31.4,31.4,0,0,17.0
22/08/2018,,,0,31.0,31.4,31.4,0.40 (1.29 %),,3140000,31.4,31.4,100,0,18.0
21/08/2018,,,0,30.6,31.0,31.0,0.40 (1.31 %),,3100000,31.0,31.0,100,0,19.0
20/08/2018,,,0,30.6,30.6,30.6,0.00 (0.00 %),,0,30.6,30.6,0,0,20.0
17/08/2018,,,0,30.6,30.6,30.6,0.00 (0.00 %),,0,30.6,30.6,0,0,21.0
16/08/2018,,,0,30.0,30.6,30.6,0.60 (2.00 %),,3060000,30.6,30.6,100,0,2.0
15/08/2018,,,0,30.0,30.0,30.0,0.00 (0.00 %),,0,30.0,30.0,0,0,3.0
14/08/2018,,,0,30.0,30.0,30.0,0.00 (0.00 %),,0,30.0,30.0,0,0,4.0
13/08/2018,,,0,29.8,30.0,30.0,0.20 (0.67 %),,3000000,30.0,30.0,100,0,5.0
10/08/2018,,,0,29.8,29.8,29.8,0.00 (0.00 %),,0,29.8,29.8,0,0,6.0
09/08/2018,,,0,29.8,29.8,29.8,0.00 (0.00 %),,0,29.8,29.8,0,0,7.0
08/08/2018,,,0,29.5,29.8,29.8,0.30 (1.02 %),,2980000,29.8,29.8,100,0,8.0
07/08/2018,,,0,29.5,29.5,29.5,0.00 (0.00 %),,0,29.5,29.5,0,0,9.0
06/08/2018,,,0,29.5,29.5,29.5,0.00 (0.00 %),,0,29.5,29.5,0,0,10.0
03/08/2018,,,0,28.9,29.5,29.5,0.60 (2.08 %),,2950000,29.5,29.5,100,0,11.0
02/08/2018,,,0,28.9,28.9,28.9,0.00 (0.00 %),,0,28.9,28.9,0,0,12.0
01/08/2018,,,0,28.9,28.9,28.9,0.00 (0.00 %),,0,28.9,28.9,0,0,13.0
31/07/2018,,,0,28.9,28.9,28.9,0.00 (0.00 %),,0,28.9,28.9,0,0,14.0
30/07/2018,,,0,28.5,28.9,28.9,0.40 (1.40 %),,2890000,28.9,28.9,100,0,15.0
27/07/2018,,,0,28.5,28.5,28.5,0.00 (0.00 %),,0,28.5,28.5,0,0,16.0
26/07/2018,,,0,28.5,28.5,28.5,0.00 (0.00 %),,0,28.5,28.5,0,0,17.0
25/07/2018,,,0,28.2,28.5,28.5,0.30 (1.06 %),,2850000,28.5,28.5,100,0,18.0
24/07/2018,,,0,28.2,28.2,28.2,0.00 (0.00 %),,0,28.2,28.2,0,0,19.0
23/07/2018,,,0,28.2,28.2,28.2,0.00 (0.00 %),,0,28.2,28.2,0,0,20.0
20/07/2018,,,0,28.0,28.2,28.2,0.20 (0.71 %),,2820000,28.2,28.2,100,0,21.0
19/07/2018,,,0,28.0,28.0,28.0,0.00 (0.00 %),,0,28.0,28.0,0,0,2.0
18/07/2018,,,0,28.0,28.0,28.0,0.00 (0.00 %),,0,28.0,28.0,0,0,3.0
17/07/2018,,,0,28.0,28.0,28.0,0.00 (0.00 %),,0,28.0,28.0,0,0,4.0
16/07/2018,,,0,28.0,28.0,28.0,0.00 (0.00 %),,0,28.0,28.0,0,0,5.0
13/07/2018,,,0,28.0,28.0,28.0,0.00 (0.00 %),,0,28.0,28.0,0,0,6.0
12/07/2018,,,0,28.0,28.0,28.0,0.00 (0.00 %),,0,28.0,28.0,0,0,7.0
11/07/2018,,,0,28.0,28.0,28.0,0.00 (0.00 %),,0,28.0,28.0,0,0,8.0
10/07/2018,,,0,28.0,28.0,28.0,0.00 (0.00 %),,0,28.0,28.0,0,0,9.0
09/07/2018,,,0,28.0,28.0,28.0,0.00 (0.00 %),,0,28.0,28.0,0,0,10.0
06/07/2018,,,0,28.0,28.0,28.0,0.00 (0.00 %),,0,28.0,28.0,0,0,11.0
05/07/2018,,,0,28.0,28.0,28.0,0.00 (0.00 %),,0,28.0,28.0,0,0,12.0
04/07/2018,,,0,26.9,28.0,28.0,1.10 (4.09 %),,2800000,28.0,28.0,100,0,13.0
03/07/2018,,,0,26.9,26.9,26.9,0.00 (0.00 %),,0,26.9,26.9,0,0,14.0
02/07/2018,,,0,26.9,26.9,26.9,0.00 (0.00 %),,0,26.9,26.9,0,0,15.0
29/06/2018,,,0,26.9,26.9,26.9,0.00 (0.00 %),,0,26.9,26.9,0,0,16.0
28/06/2018,,,0,26.9,26.9,26.9,0.00 (0.00 %),,0,26.9,26.9,0,0,17.0
27/06/2018,,,0,26.9,26.9,26.9,0.00 (0.00 %),,0,26.9,26.9,0,0,18.0
26/06/2018,,,0,26.9,26.9,26.9,0.00 (0.00 %),,0,26.9,26.9,0,0,19.0
25/06/2018,,,0,26.9,26.9,26.9,0.00 (0.00 %),,0,26.9,26.9,0,0,20.0
22/06/2018,,,0,26.9,26.9,26.9,0.00 (0.00 %),,0,26.9,26.9,0,0,21.0
21/06/2018,,,0,26.9,26.9,26.9,0.00 (0.00 %),,0,26.9,26.9,0,0,2.0
20/06/2018,,,0,26.9,26.9,26.9,0.00 (0.00 %),,0,26.9,26.9,0,0,3.0
19/06/2018,,,0,26.9,26.9,26.9,0.00 (0.00 %),,0,26.9,26.9,0,0,4.0
18/06/2018,,,0,26.9,26.9,26.9,0.00 (0.00 %),,0,26.9,26.9,0,0,5.0
15/06/2018,,,0,26.9,26.9,26.9,0.00 (0.00 %),,0,26.9,26.9,0,0,6.0
14/06/2018,,,0,26.9,26.9,26.9,0.00 (0.00 %),,0,26.9,26.9,0,0,7.0
13/06/2018,,,0,26.9,26.9,26.9,0.00 (0.00 %),,0,26.9,26.9,0,0,8.0
12/06/2018,,,0,26.9,26.9,26.9,0.00 (0.00 %),,0,26.9,26.9,0,0,9.0
11/06/2018,,,0,26.9,26.9,26.9,0.00 (0.00 %),,0,26.9,26.9,0,0,10.0
08/06/2018,,,0,26.9,26.9,26.9,0.00 (0.00 %),,0,26.9,26.9,0,0,11.0
07/06/2018,,,0,26.9,26.9,26.9,0.00 (0.00 %),,0,26.9,26.9,0,0,12.0
06/06/2018,,,0,26.9,26.9,26.9,0.00 (0.00 %),,0,26.9,26.9,0,0,13.0
05/06/2018,,,0,26.9,26.9,26.9,0.00 (0.00 %),,0,26.9,26.9,0,0,14.0
04/06/2018,,,0,26.9,26.9,26.9,0.00 (0.00 %),,0,26.9,26.9,0,0,15.0
01/06/2018,,,0,26.9,26.9,26.9,0.00 (0.00 %),,0,26.9,26.9,0,0,16.0
31/05/2018,,,0,26.9,26.9,26.9,0.00 (0.00 %),,0,26.9,26.9,0,0,17.0
30/05/2018,,,0,26.9,26.9,26.9,0.00 (0.00 %),,0,26.9,26.9,0,0,18.0
29/05/2018,,,0,26.9,26.9,26.9,0.00 (0.00 %),,0,26.9,26.9,0,0,19.0
28/05/2018,,,0,26.9,26.9,26.9,0.00 (0.00 %),,0,26.9,26.9,0,0,20.0
25/05/2018,,,0,26.9,26.9,26.9,0.00 (0.00 %),,0,26.9,26.9,0,0,21.0
24/05/2018,,,0,26.9,26.9,26.9,0.00 (0.00 %),,0,26.9,26.9,0,0,2.0
23/05/2018,,,0,26.9,26.9,26.9,0.00 (0.00 %),,0,26.9,26.9,0,0,3.0
22/05/2018,,,0,26.9,26.9,26.9,0.00 (0.00 %),,0,26.9,26.9,0,0,4.0
21/05/2018,,,0,26.9,26.9,26.9,0.00 (0.00 %),,0,26.9,26.9,0,0,5.0
18/05/2018,,,0,25.5,26.9,26.9,1.40 (5.49 %),,2690000,26.9,26.9,100,0,6.0
17/05/2018,,,0,25.5,25.5,25.5,0.00 (0.00 %),,0,25.5,25.5,0,0,7.0
16/05/2018,,,0,25.5,25.5,25.5,0.00 (0.00 %),,0,25.5,25.5,0,0,8.0
15/05/2018,,,0,25.5,25.5,25.5,0.00 (0.00 %),,0,25.5,25.5,0,0,9.0
14/05/2018,,,0,25.1,25.5,25.5,0.40 (1.59 %),,2550000,25.5,25.5,100,0,10.0
11/05/2018,,,0,25.1,25.1,25.1,0.00 (0.00 %),,0,25.1,25.1,0,0,11.0
10/05/2018,,,0,25.1,25.1,25.1,0.00 (0.00 %),,0,25.1,25.1,0,0,12.0
09/05/2018,,,0,25.1,25.1,25.1,0.00 (0.00 %),,0,25.1,25.1,0,0,13.0
08/05/2018,,,0,25.1,25.1,25.1,0.00 (0.00 %),,0,25.1,25.1,0,0,14.0
07/05/2018,,,0,25.1,25.1,25.1,0.00 (0.00 %),,0,25.1,25.1,0,0,15.0
04/05/2018,,,0,24.5,25.1,25.1,0.60 (2.45 %),,2510000,25.1,25.1,100,0,16.0
03/05/2018,,,0,25.1,25.1,25.1,0.00 (0.00 %),,0,24.5,24.5,0,0,17.0
02/05/2018,,,0,25.1,25.1,25.1,0.00 (0.00 %),,0,24.5,24.5,0,0,18.0
27/04/2018,,,0,25.1,25.1,25.1,0.00 (0.00 %),,0,24.5,24.5,0,0,19.0
26/04/2018,,,0,25.1,25.1,25.1,0.00 (0.00 %),,0,24.5,24.5,0,0,20.0
24/04/2018,,,0,25.1,25.1,25.1,0.00 (0.00 %),,0,24.5,24.5,0,0,21.0
23/04/2018,,,0,25.1,25.1,25.1,0.00 (0.00 %),,0,24.5,24.5,0,0,2.0
20/04/2018,,,0,25.1,25.1,25.1,0.00 (0.00 %),,0,24.5,24.5,0,0,3.0
19/04/2018,,,0,25.1,25.1,25.1,0.00 (0.00 %),,0,24.5,24.5,0,0,4.0
18/04/2018,,,0,25.1,25.1,25.1,0.00 (0.00 %),,0,24.5,24.5,0,0,5.0
17/04/2018,,,0,25.1,25.1,25.1,0.00 (0.00 %),,0,24.5,24.5,0,0,6.0
16/04/2018,,,0,25.1,25.1,25.1,0.00 (0.00 %),,0,24.5,24.5,0,0,7.0
13/04/2018,,,0,25.1,25.1,25.1,0.00 (0.00 %),,0,24.5,24.5,0,0,8.0
12/04/2018,,,0,25.1,25.1,25.1,0.00 (0.00 %),,0,24.5,24.5,0,0,9.0
11/04/2018,,,0,25.1,25.1,25.1,0.00 (0.00 %),,0,24.5,24.5,0,0,10.0
10/04/2018,,,0,22.8,24.0,26.2,3.40 (14.91 %),,5020000,24.5,25.57,200,0,11.0
09/04/2018,,,0,22.8,22.8,22.8,0.00 (0.00 %),,0,22.26,22.26,0,0,12.0
06/04/2018,,,0,22.8,22.8,22.8,0.00 (0.00 %),,0,22.26,22.26,0,0,13.0
05/04/2018,,,0,22.5,22.8,22.8,0.30 (1.33 %),,2280000,22.26,22.26,100,0,14.0
04/04/2018,,,0,22.5,22.5,22.5,0.00 (0.00 %),,0,21.96,21.96,0,0,15.0
03/04/2018,,,0,22.5,22.5,22.5,0.00 (0.00 %),,0,21.96,21.96,0,0,16.0
02/04/2018,,,0,22.5,22.5,22.5,0.00 (0.00 %),,0,21.96,21.96,0,0,17.0
30/03/2018,,,0,22.2,22.5,22.5,0.30 (1.35 %),,2250000,21.96,21.96,100,0,18.0
29/03/2018,,,0,22.2,22.2,22.2,0.00 (0.00 %),,0,21.67,21.67,0,0,19.0
28/03/2018,,,0,20.2,22.2,22.2,2.00 (9.90 %),,2220000,21.67,21.67,100,0,20.0
27/03/2018,,,0,20.2,20.2,20.2,0.00 (0.00 %),,0,19.72,19.72,0,0,21.0
26/03/2018,,,0,20.2,20.2,20.2,0.00 (0.00 %),,0,19.72,19.72,0,0,2.0
23/03/2018,,,0,20.2,20.2,20.2,0.00 (0.00 %),,0,19.72,19.72,0,0,3.0
22/03/2018,,,0,20.1,20.2,20.2,0.10 (0.50 %),,2020000,19.72,19.72,100,0,4.0
21/03/2018,,,0,20.1,20.1,20.1,0.00 (0.00 %),,0,19.62,19.62,0,0,5.0
20/03/2018,,,0,20.1,20.1,20.1,0.00 (0.00 %),,0,19.62,19.62,0,0,6.0
19/03/2018,,,0,20.1,20.1,20.1,0.00 (0.00 %),,0,19.62,19.62,0,0,7.0
16/03/2018,,,0,20.1,20.1,20.1,0.00 (0.00 %),,0,19.62,19.62,0,0,8.0
15/03/2018,,,0,20.1,20.1,20.1,0.00 (0.00 %),,0,19.62,19.62,0,0,9.0
14/03/2018,,,0,20.1,20.1,20.1,0.00 (0.00 %),,0,19.62,19.62,0,0,10.0
13/03/2018,,,0,20.1,20.1,20.1,0.00 (0.00 %),,0,19.62,19.62,0,0,11.0
12/03/2018,,,0,20.1,20.1,20.1,0.00 (0.00 %),,0,19.62,19.62,0,0,12.0
09/03/2018,,,0,20.1,20.1,20.1,0.00 (0.00 %),,0,19.62,19.62,0,0,13.0
08/03/2018,,,0,20.1,20.1,20.1,0.00 (0.00 %),,0,19.62,19.62,0,0,14.0
07/03/2018,,,0,20.1,20.1,20.1,0.00 (0.00 %),,0,19.62,19.62,0,0,15.0
06/03/2018,,,0,20.0,20.1,20.1,0.10 (0.50 %),,2010000,19.62,19.62,100,0,16.0
05/03/2018,,,0,20.0,20.0,20.0,0.00 (0.00 %),,0,19.52,19.52,0,0,17.0
02/03/2018,,,0,20.0,20.0,20.0,0.00 (0.00 %),,0,19.52,19.52,0,0,18.0
01/03/2018,,,0,20.0,20.0,20.0,0.00 (0.00 %),,0,19.52,19.52,0,0,19.0
28/02/2018,,,0,20.0,20.0,20.0,0.00 (0.00 %),,0,19.52,19.52,0,0,20.0
27/02/2018,,,0,20.0,20.0,20.0,0.00 (0.00 %),,0,19.52,19.52,0,0,21.0
26/02/2018,,,0,19.9,20.0,20.0,0.10 (0.50 %),,2000000,19.52,19.52,100,0,2.0
23/02/2018,,,0,19.8,19.9,19.9,0.10 (0.51 %),,1990000,19.42,19.42,100,0,3.0
22/02/2018,,,0,19.8,19.8,19.8,0.00 (0.00 %),,0,19.33,19.33,0,0,4.0
21/02/2018,,,0,19.8,19.8,19.8,0.00 (0.00 %),,0,19.33,19.33,0,0,5.0
13/02/2018,,,0,19.8,19.8,19.8,0.00 (0.00 %),,0,19.33,19.33,0,0,6.0
12/02/2018,,,0,19.6,19.8,19.8,0.20 (1.02 %),,1980000,19.33,19.33,100,0,7.0
09/02/2018,,,0,19.6,19.6,19.6,0.00 (0.00 %),,0,19.13,19.13,0,0,8.0
08/02/2018,,,0,19.6,19.6,19.6,0.00 (0.00 %),,0,19.13,19.13,0,0,9.0
07/02/2018,,,0,19.6,19.6,19.6,0.00 (0.00 %),,0,19.13,19.13,0,0,10.0
06/02/2018,,,0,19.6,19.6,19.6,0.00 (0.00 %),,0,19.13,19.13,0,0,11.0
05/02/2018,,,0,19.6,19.6,19.6,0.00 (0.00 %),,0,19.13,19.13,0,0,12.0
02/02/2018,,,0,19.6,19.6,19.6,0.00 (0.00 %),,0,19.13,19.13,0,0,13.0
01/02/2018,,,0,19.6,19.6,19.6,0.00 (0.00 %),,0,19.13,19.13,0,0,14.0
31/01/2018,,,0,19.6,19.6,19.6,0.00 (0.00 %),,0,19.13,19.13,0,0,15.0
30/01/2018,,,0,19.6,19.6,19.6,0.00 (0.00 %),,0,19.13,19.13,0,0,16.0
29/01/2018,,,0,19.6,19.6,19.6,0.00 (0.00 %),,0,19.13,19.13,0,0,17.0
26/01/2018,,,0,19.6,19.6,19.6,0.00 (0.00 %),,0,19.13,19.13,0,0,18.0
25/01/2018,,,0,19.6,19.6,19.6,0.00 (0.00 %),,0,19.13,19.13,0,0,19.0
24/01/2018,,,0,19.6,19.6,19.6,0.00 (0.00 %),,0,19.13,19.13,0,0,20.0
23/01/2018,,,0,19.6,19.6,19.6,0.00 (0.00 %),,0,19.13,19.13,0,0,21.0
22/01/2018,,,0,19.6,19.6,19.6,0.00 (0.00 %),,0,19.13,19.13,0,0,2.0
19/01/2018,,,0,19.6,19.6,19.6,0.00 (0.00 %),,0,19.13,19.13,0,0,3.0
18/01/2018,,,0,19.6,19.6,19.6,0.00 (0.00 %),,0,19.13,19.13,0,0,4.0
17/01/2018,,,0,19.5,19.6,19.6,0.10 (0.51 %),,1960000,19.13,19.13,100,0,5.0
16/01/2018,,,0,19.5,19.5,19.5,0.00 (0.00 %),,0,19.03,19.03,0,0,6.0
15/01/2018,,,0,19.5,19.5,19.5,0.00 (0.00 %),,0,19.03,19.03,0,0,7.0
12/01/2018,,,0,19.5,19.5,19.5,0.00 (0.00 %),,0,19.03,19.03,0,0,8.0
11/01/2018,,,0,19.5,19.5,19.5,0.00 (0.00 %),,0,19.03,19.03,0,0,9.0
10/01/2018,,,0,19.5,19.5,19.5,0.00 (0.00 %),,0,19.03,19.03,0,0,10.0
09/01/2018,,,0,19.5,19.5,19.5,0.00 (0.00 %),,0,19.03,19.03,0,0,11.0
08/01/2018,,,0,19.5,19.5,19.5,0.00 (0.00 %),,0,19.03,19.03,0,0,12.0
05/01/2018,,,0,19.5,19.5,19.5,0.00 (0.00 %),,0,19.03,19.03,0,0,13.0
04/01/2018,,,0,19.5,19.5,19.5,0.00 (0.00 %),,0,19.03,19.03,0,0,14.0
03/01/2018,,,0,19.5,19.5,19.5,0.00 (0.00 %),,0,19.03,19.03,0,0,15.0
02/01/2018,,,0,19.5,19.5,19.5,0.00 (0.00 %),,0,19.03,19.03,0,0,16.0
29/12/2017,,,0,17.0,19.5,19.5,2.50 (14.71 %),,1950000,19.03,19.03,100,0,17.0
28/12/2017,,,0,17.0,17.0,17.0,0.00 (0.00 %),,0,16.59,16.59,0,0,18.0
27/12/2017,,,0,16.9,17.0,17.0,0.10 (0.59 %),,1700000,16.59,16.59,100,0,19.0
26/12/2017,,,0,16.6,16.9,16.9,0.30 (1.81 %),,1690000,16.5,16.5,100,0,20.0
25/12/2017,,,0,16.6,16.6,16.6,0.00 (0.00 %),,0,16.2,16.2,0,0,21.0
22/12/2017,,,0,16.6,16.6,16.6,0.00 (0.00 %),,0,16.2,16.2,0,0,2.0
21/12/2017,,,0,16.6,16.6,16.6,0.00 (0.00 %),,0,16.2,16.2,0,0,3.0
20/12/2017,,,0,16.6,16.6,16.6,0.00 (0.00 %),,0,16.2,16.2,0,0,4.0
19/12/2017,,,0,16.6,16.6,16.6,0.00 (0.00 %),,0,16.2,16.2,0,0,5.0
18/12/2017,,,0,16.6,16.6,16.6,0.00 (0.00 %),,0,16.2,16.2,0,0,6.0
15/12/2017,,,0,16.6,16.6,16.6,0.00 (0.00 %),,0,16.2,16.2,0,0,7.0
14/12/2017,,,0,16.6,16.6,16.6,0.00 (0.00 %),,0,16.2,16.2,0,0,8.0
13/12/2017,,,0,16.6,16.6,16.6,0.00 (0.00 %),,0,16.2,16.2,0,0,9.0
12/12/2017,,,0,16.6,16.6,16.6,0.00 (0.00 %),,0,16.2,16.2,0,0,10.0
11/12/2017,,,0,16.6,16.6,16.6,0.00 (0.00 %),,0,16.2,16.2,0,0,11.0
08/12/2017,,,0,16.6,16.6,16.6,0.00 (0.00 %),,0,16.2,16.2,0,0,12.0
07/12/2017,,,0,16.6,16.6,16.6,0.00 (0.00 %),,0,16.2,16.2,0,0,13.0
06/12/2017,,,0,16.6,16.6,16.6,0.00 (0.00 %),,0,16.2,16.2,0,0,14.0
05/12/2017,,,0,16.6,16.6,16.6,0.00 (0.00 %),,0,16.2,16.2,0,0,15.0
04/12/2017,,,0,16.6,16.6,16.6,0.00 (0.00 %),,0,16.2,16.2,0,0,16.0
01/12/2017,,,0,16.6,16.6,16.6,0.00 (0.00 %),,0,16.2,16.2,0,0,17.0
30/11/2017,,,0,16.5,16.6,16.6,0.10 (0.61 %),,1660000,16.2,16.2,100,0,18.0
29/11/2017,,,0,16.5,16.5,16.5,0.00 (0.00 %),,0,16.11,16.11,0,0,19.0
28/11/2017,,,0,16.5,16.5,16.5,0.00 (0.00 %),,0,16.11,16.11,0,0,20.0
27/11/2017,,,0,16.5,16.5,16.5,0.00 (0.00 %),,0,16.11,16.11,0,0,21.0
24/11/2017,,,0,16.4,16.5,16.5,0.10 (0.61 %),,1650000,16.11,16.11,100,0,2.0
23/11/2017,,,0,16.3,16.4,16.4,0.10 (0.61 %),,1640000,16.01,16.01,100,0,3.0
22/11/2017,,,0,16.3,16.3,16.3,0.00 (0.00 %),,0,15.91,15.91,0,0,4.0
21/11/2017,,,0,16.3,16.3,16.3,0.00 (0.00 %),,0,15.91,15.91,0,0,5.0
20/11/2017,,,0,16.3,16.3,16.3,0.00 (0.00 %),,0,15.91,15.91,0,0,6.0
17/11/2017,,,0,16.3,16.3,16.3,0.00 (0.00 %),,0,15.91,15.91,0,0,7.0
16/11/2017,,,0,16.3,16.3,16.3,0.00 (0.00 %),,0,15.91,15.91,0,0,8.0
15/11/2017,,,0,16.2,16.3,16.3,0.10 (0.62 %),,1630000,15.91,15.91,100,0,9.0
14/11/2017,,,0,16.2,16.2,16.2,0.00 (0.00 %),,0,15.81,15.81,0,0,10.0
13/11/2017,,,0,16.2,16.2,16.2,0.00 (0.00 %),,0,15.81,15.81,0,0,11.0
10/11/2017,,,0,16.2,16.2,16.2,0.00 (0.00 %),,0,15.81,15.81,0,0,12.0
09/11/2017,,,0,16.2,16.2,16.2,0.00 (0.00 %),,0,15.81,15.81,0,0,13.0
08/11/2017,,,0,16.2,16.2,16.2,0.00 (0.00 %),,0,15.81,15.81,0,0,14.0
07/11/2017,,,0,16.2,16.2,16.2,0.00 (0.00 %),,0,15.81,15.81,0,0,15.0
06/11/2017,,,0,16.0,16.2,16.2,0.20 (1.25 %),,1620000,15.81,15.81,100,0,16.0
03/11/2017,,,0,16.0,16.0,16.0,0.00 (0.00 %),,0,15.62,15.62,0,0,17.0
02/11/2017,,,0,16.0,16.0,16.0,0.00 (0.00 %),,0,15.62,15.62,0,0,18.0
01/11/2017,,,0,15.8,16.0,16.0,0.20 (1.27 %),,1600000,15.62,15.62,100,0,19.0
31/10/2017,,,0,15.8,15.8,15.8,0.00 (0.00 %),,0,15.42,15.42,0,0,20.0
30/10/2017,,,0,15.8,15.8,15.8,0.00 (0.00 %),,0,15.42,15.42,0,0,21.0
27/10/2017,,,0,15.8,15.8,15.8,0.00 (0.00 %),,0,15.42,15.42,0,0,2.0
26/10/2017,,,0,15.8,15.8,15.8,0.00 (0.00 %),,0,15.42,15.42,0,0,3.0
25/10/2017,,,0,15.8,15.8,15.8,0.00 (0.00 %),,0,15.42,15.42,0,0,4.0
24/10/2017,,,0,15.8,15.8,15.8,0.00 (0.00 %),,0,15.42,15.42,0,0,5.0
23/10/2017,,,0,15.8,15.8,15.8,0.00 (0.00 %),,0,15.42,15.42,0,0,6.0
20/10/2017,,,0,14.0,15.8,15.8,1.80 (12.86 %),,1580000,15.42,15.42,100,0,7.0
19/10/2017,,,0,14.0,14.0,14.0,0.00 (0.00 %),,0,13.67,13.67,0,0,8.0
18/10/2017,,,0,14.2,14.0,14.0,-0.20 (-1.41 %),,1400000,13.67,13.67,100,0,9.0
17/10/2017,,,0,16.0,14.0,14.4,-1.60 (-10.00 %),,2840000,13.86,14.06,200,0,10.0
16/10/2017,,,0,16.0,16.0,16.0,0.00 (0.00 %),,0,15.62,15.62,0,0,11.0
13/10/2017,,,0,16.0,16.0,16.0,0.00 (0.00 %),,0,15.62,15.62,0,0,12.0
12/10/2017,,,0,16.0,16.0,16.0,0.00 (0.00 %),,0,15.62,15.62,0,0,13.0
11/10/2017,,,0,16.0,16.0,16.0,0.00 (0.00 %),,0,15.62,15.62,0,0,14.0
10/10/2017,,,0,16.0,16.0,16.0,0.00 (0.00 %),,0,15.62,15.62,0,0,15.0
09/10/2017,,,0,16.0,16.0,16.0,0.00 (0.00 %),,0,15.62,15.62,0,0,16.0
06/10/2017,,,0,15.8,16.0,16.0,0.20 (1.27 %),,1600000,15.62,15.62,100,0,17.0
05/10/2017,,,0,15.8,15.8,15.8,0.00 (0.00 %),,0,15.42,15.42,0,0,18.0
04/10/2017,,,0,15.8,15.8,15.8,0.00 (0.00 %),,0,15.42,15.42,0,0,19.0
03/10/2017,,,0,15.5,15.8,15.8,0.30 (1.94 %),,1580000,15.42,15.42,100,0,20.0
02/10/2017,,,0,15.5,15.5,15.5,0.00 (0.00 %),,0,15.13,15.13,0,0,21.0
29/09/2017,,,0,15.5,15.5,15.5,0.00 (0.00 %),,0,15.13,15.13,0,0,2.0
28/09/2017,,,0,15.5,15.5,15.5,0.00 (0.00 %),,0,15.13,15.13,0,0,3.0
27/09/2017,,,0,15.2,15.5,15.5,0.30 (1.97 %),,1550000,15.13,15.13,100,0,4.0
26/09/2017,,,0,15.2,15.2,15.2,0.00 (0.00 %),,0,14.84,14.84,0,0,5.0
25/09/2017,,,0,15.2,15.2,15.2,0.00 (0.00 %),,0,14.84,14.84,0,0,6.0
22/09/2017,,,0,14.9,15.2,15.2,0.30 (2.01 %),,1520000,14.84,14.84,100,0,7.0
21/09/2017,,,0,14.9,14.9,14.9,0.00 (0.00 %),,0,14.54,14.54,0,0,8.0
20/09/2017,,,0,14.5,14.9,15.2,0.70 (4.83 %),,16440000,14.59,14.84,1100,0,9.0
19/09/2017,,,0,14.5,14.5,14.5,0.00 (0.00 %),,0,14.15,14.15,0,0,10.0
18/09/2017,,,0,15.0,13.0,14.9,-0.10 (-0.67 %),,7260000,14.17,14.54,500,0,11.0
15/09/2017,,,0,15.0,15.0,15.0,0.00 (0.00 %),,1500000,14.64,14.64,100,0,12.0
14/09/2017,,,0,14.8,14.1,13.0,-1.80 (-12.16 %),,31450000,14.62,12.69,2100,0,13.0
13/09/2017,,,0,14.1,14.8,14.8,0.70 (4.96 %),,1480000,14.45,14.45,100,0,14.0
12/09/2017,,,0,14.1,14.1,14.1,0.00 (0.00 %),,0,13.76,13.76,0,0,15.0
08/09/2017,,,0,16.5,16.5,16.5,0.00 (0.00 %),,0,16.11,16.11,0,0,16.0
07/09/2017,,,0,16.5,16.5,16.5,0.00 (0.00 %),,0,16.11,16.11,0,0,17.0
06/09/2017,,,0,16.5,16.5,16.5,0.00 (0.00 %),,0,16.11,16.11,0,0,18.0
05/09/2017,,,0,16.3,16.5,16.5,0.20 (1.23 %),,1650000,16.11,16.11,100,0,19.0
01/09/2017,,,0,16.3,16.3,16.3,0.00 (0.00 %),,0,15.91,15.91,0,0,20.0
31/08/2017,,,0,16.3,16.3,16.3,0.00 (0.00 %),,0,15.91,15.91,0,0,21.0
30/08/2017,,,0,16.3,16.3,16.3,0.00 (0.00 %),,0,15.91,15.91,0,0,2.0
29/08/2017,,,0,16.3,16.3,16.3,0.00 (0.00 %),,0,15.91,15.91,0,0,3.0
28/08/2017,,,0,16.3,16.3,16.3,0.00 (0.00 %),,0,15.91,15.91,0,0,4.0
25/08/2017,,,0,16.1,16.3,16.3,0.20 (1.24 %),,1630000,15.91,15.91,100,0,5.0
24/08/2017,,,0,16.1,16.1,16.1,0.00 (0.00 %),,0,15.72,15.72,0,0,6.0
23/08/2017,,,0,16.1,16.1,16.1,0.00 (0.00 %),,0,15.72,15.72,0,0,7.0
22/08/2017,,,0,16.1,16.1,16.1,0.00 (0.00 %),,0,15.72,15.72,0,0,8.0
21/08/2017,,,0,16.1,16.1,16.1,0.00 (0.00 %),,0,15.72,15.72,0,0,9.0
18/08/2017,,,0,16.1,16.1,16.1,0.00 (0.00 %),,0,15.72,15.72,0,0,10.0
17/08/2017,,,0,15.8,16.1,16.1,0.30 (1.90 %),,1610000,15.72,15.72,100,0,11.0
16/08/2017,,,0,15.8,15.8,15.8,0.00 (0.00 %),,0,15.42,15.42,0,0,12.0
15/08/2017,,,0,15.8,15.8,15.8,0.00 (0.00 %),,0,15.42,15.42,0,0,13.0
14/08/2017,,,0,15.8,15.8,15.8,0.00 (0.00 %),,0,15.42,15.42,0,0,14.0
11/08/2017,,,0,15.8,15.8,15.8,0.00 (0.00 %),,0,15.42,15.42,0,0,15.0
10/08/2017,,,0,15.8,15.8,15.8,0.00 (0.00 %),,0,15.42,15.42,0,0,16.0
09/08/2017,,,0,15.5,15.8,15.8,0.30 (1.94 %),,1580000,15.42,15.42,100,0,17.0
08/08/2017,,,0,16.3,16.5,15.0,-1.30 (-7.98 %),,4650000,15.13,14.64,300,0,18.0
07/08/2017,,,0,15.8,16.3,16.3,0.50 (3.16 %),,1630000,15.91,15.91,100,0,19.0
04/08/2017,,,0,16.2,16.5,16.4,0.20 (1.23 %),,74230000,15.42,16.01,4700,0,20.0
03/08/2017,,,0,16.5,14.1,16.3,-0.20 (-1.21 %),,12930000,15.78,15.91,800,0,21.0
02/08/2017,,,0,16.3,16.5,16.5,0.20 (1.23 %),,1650000,16.11,16.11,100,0,2.0
01/08/2017,,,0,16.3,16.3,16.3,0.00 (0.00 %),,0,15.91,15.91,0,0,3.0
31/07/2017,,,0,16.3,16.3,16.3,0.00 (0.00 %),,0,15.91,15.91,0,0,4.0
28/07/2017,,,0,16.1,16.3,16.3,0.20 (1.24 %),,1630000,15.91,15.91,100,0,5.0
27/07/2017,,,0,16.1,16.1,16.1,0.00 (0.00 %),,0,15.72,15.72,0,0,6.0
26/07/2017,,,0,16.1,16.1,16.1,0.00 (0.00 %),,0,15.72,15.72,0,0,7.0
25/07/2017,,,0,16.1,16.1,16.1,0.00 (0.00 %),,0,15.72,15.72,0,0,8.0
24/07/2017,,,0,16.1,16.1,16.1,0.00 (0.00 %),,0,15.72,15.72,0,0,9.0
21/07/2017,,,0,16.2,16.5,16.4,0.20 (1.23 %),,11250000,15.69,16.01,700,0,10.0
20/07/2017,,,0,15.8,16.2,16.2,0.40 (2.53 %),,1620000,15.81,15.81,100,0,11.0
19/07/2017,,,0,15.8,15.8,15.8,0.00 (0.00 %),,0,15.42,15.42,0,0,12.0
18/07/2017,,,0,15.2,15.8,15.8,0.60 (3.95 %),,1580000,15.42,15.42,100,0,13.0
17/07/2017,,,0,14.7,15.2,15.2,0.50 (3.40 %),,1520000,14.84,14.84,100,0,14.0
14/07/2017,,,0,14.8,12.6,15.9,1.10 (7.43 %),,35330000,14.37,15.52,2400,0,15.0
13/07/2017,,,0,14.6,14.8,14.8,0.20 (1.37 %),,14800000,14.45,14.45,1000,0,16.0
12/07/2017,,,0,14.4,14.6,14.6,0.20 (1.39 %),,1460000,14.25,14.25,100,0,17.0
11/07/2017,,,0,14.4,14.4,14.4,0.00 (0.00 %),,0,14.06,14.06,0,0,18.0
10/07/2017,,,0,14.2,14.4,14.4,0.20 (1.41 %),,1440000,14.06,14.06,100,0,19.0
07/07/2017,,,0,14.0,14.2,14.2,0.20 (1.43 %),,1420000,13.86,13.86,100,0,20.0
06/07/2017,,,0,13.8,14.0,14.0,0.20 (1.45 %),,1400000,13.67,13.67,100,0,21.0
05/07/2017,,,0,13.5,13.8,13.8,0.30 (2.22 %),,1380000,13.47,13.47,100,0,2.0
04/07/2017,,,0,13.0,13.5,13.5,0.50 (3.85 %),,1350000,13.18,13.18,100,0,3.0
03/07/2017,,,0,12.5,13.0,13.0,0.50 (4.00 %),,1300000,12.69,12.69,100,0,4.0
30/06/2017,,,0,13.0,12.4,13.5,0.50 (3.85 %),,19950000,12.17,13.18,1600,0,5.0
29/06/2017,,,0,12.4,13.0,13.0,0.60 (4.84 %),,1300000,12.69,12.69,100,0,6.0
28/06/2017,,,0,12.4,12.4,12.4,0.00 (0.00 %),,19840000,12.1,12.1,1600,0,7.0
27/06/2017,,,0,12.4,12.4,12.5,0.10 (0.81 %),,90150000,12.14,12.2,7250,0,8.0
26/06/2017,,,0,12.5,13.0,13.5,1.00 (8.00 %),,70710000,12.11,13.18,5700,0,9.0
23/06/2017,,,0,12.4,13.5,12.4,0.00 (0.00 %),,50501000,12.17,12.1,4050,0,10.0
22/06/2017,,,0,12.4,13.0,12.4,0.00 (0.00 %),,87350000,12.14,12.1,7025,0,11.0
21/06/2017,,,0,14.5,12.4,12.4,-2.10 (-14.48 %),,360840000,12.1,12.1,29100,0,12.0
20/06/2017,,,0,14.5,14.5,14.5,0.00 (0.00 %),,0,14.15,14.15,0,0,13.0
19/06/2017,,,0,14.5,14.5,14.5,0.00 (0.00 %),,0,14.15,14.15,0,0,14.0
16/06/2017,,,0,14.5,14.5,14.5,0.00 (0.00 %),,0,14.15,14.15,0,0,15.0
14/06/2017,,,0,14.5,14.5,14.5,0.00 (0.00 %),,0,14.15,14.15,0,0,16.0
13/06/2017,,,0,14.5,14.5,14.5,0.00 (0.00 %),,0,14.15,14.15,0,0,17.0
12/06/2017,,,0,14.5,14.5,14.5,0.00 (0.00 %),,0,14.15,14.15,0,0,18.0
09/06/2017,,,0,14.5,14.5,14.5,0.00 (0.00 %),,0,14.15,14.15,0,0,19.0
08/06/2017,,,0,14.1,14.5,14.5,0.40 (2.84 %),,1450000,14.15,14.15,100,0,20.0
07/06/2017,,,0,14.1,14.1,14.1,0.00 (0.00 %),,0,13.76,13.76,0,0,21.0
06/06/2017,,,0,14.0,14.1,14.1,0.10 (0.71 %),,8460000,13.76,13.76,600,0,2.0
05/06/2017,,,0,13.5,14.0,14.0,0.50 (3.70 %),,1400000,13.67,13.67,100,0,3.0
02/06/2017,,,0,13.5,13.5,13.5,0.00 (0.00 %),,0,13.18,13.18,0,0,4.0
01/06/2017,,,0,13.5,13.5,13.5,0.00 (0.00 %),,0,13.18,13.18,0,0,5.0
31/05/2017,,,0,13.0,13.5,13.5,0.50 (3.85 %),,1350000,13.18,13.18,100,0,6.0
30/05/2017,,,0,13.0,13.0,13.0,0.00 (0.00 %),,0,12.69,12.69,0,0,7.0
29/05/2017,,,0,11.5,13.0,13.0,1.50 (13.04 %),,1300000,12.69,12.69,100,0,8.0
26/05/2017,,,506000000,13.5,11.5,11.5,-2.00 (-14.81 %),,5750000,11.23,11.23,500,44000,9.0
25/05/2017,,,0,12.6,13.5,13.5,0.90 (7.14 %),,1350000,13.18,13.18,100,0,10.0
24/05/2017,,,0,13.5,13.5,13.5,0.00 (0.00 %),,0,12.3,12.3,0,0,11.0
23/05/2017,,,0,13.5,13.5,13.5,0.00 (0.00 %),,0,12.3,12.3,0,0,12.0
22/05/2017,,,0,13.5,13.5,13.5,0.00 (0.00 %),,0,12.3,12.3,0,0,13.0
19/05/2017,,,0,13.5,13.5,13.5,0.00 (0.00 %),,0,12.3,12.3,0,0,14.0
18/05/2017,,,0,13.5,13.5,13.5,0.00 (0.00 %),,0,12.3,12.3,0,0,15.0
17/05/2017,,,0,13.5,13.5,13.5,0.00 (0.00 %),,0,12.3,12.3,0,0,16.0
16/05/2017,,,0,13.5,13.5,13.5,0.00 (0.00 %),,0,12.3,12.3,0,0,17.0
15/05/2017,,,0,13.5,13.5,13.5,0.00 (0.00 %),,0,12.3,12.3,0,0,18.0
12/05/2017,,,0,12.7,13.5,13.5,0.80 (6.30 %),,1350000,12.3,12.3,100,0,19.0
11/05/2017,,,0,12.7,12.7,12.7,0.00 (0.00 %),,0,11.57,11.57,0,0,20.0
10/05/2017,,,0,12.7,12.7,12.7,0.00 (0.00 %),,0,11.57,11.57,0,0,21.0
09/05/2017,,,0,12.7,12.7,12.7,0.00 (0.00 %),,0,11.57,11.57,0,0,2.0
08/05/2017,,,0,11.9,12.7,12.7,0.80 (6.72 %),,1270000,11.57,11.57,100,0,3.0
05/05/2017,,,0,11.9,11.9,11.9,0.00 (0.00 %),,0,10.84,10.84,0,0,4.0
04/05/2017,,,0,11.9,11.9,11.9,0.00 (0.00 %),,0,10.84,10.84,0,0,5.0
03/05/2017,,,0,11.9,11.9,11.9,0.00 (0.00 %),,0,10.84,10.84,0,0,6.0
28/04/2017,,,0,12.7,10.8,12.4,-0.30 (-2.36 %),,17800000,10.81,11.3,1500,0,7.0
27/04/2017,,,0,12.0,12.7,12.7,0.70 (5.83 %),,1270000,11.57,11.57,100,0,8.0
26/04/2017,,,0,12.0,12.0,12.0,0.00 (0.00 %),,0,10.93,10.93,0,0,9.0
25/04/2017,,,0,10.5,12.0,12.0,1.50 (14.29 %),,1200000,10.93,10.93,100,0,10.0
24/04/2017,,,0,12.3,10.5,10.5,-1.80 (-14.63 %),,6300000,9.57,9.57,600,0,11.0
21/04/2017,,,0,12.3,12.3,12.3,0.00 (0.00 %),,0,11.21,11.21,0,0,12.0
20/04/2017,,,0,12.9,14.1,12.9,0.00 (0.00 %),,4900000,11.16,11.75,400,0,13.0
19/04/2017,,,0,12.9,12.9,12.9,0.00 (0.00 %),,0,11.75,11.75,0,0,14.0
18/04/2017,,,0,12.9,12.9,12.9,0.00 (0.00 %),,0,11.75,11.75,0,0,15.0
17/04/2017,,,0,12.9,12.9,12.9,0.00 (0.00 %),,0,11.75,11.75,0,0,16.0
14/04/2017,,,0,12.9,12.9,12.9,0.00 (0.00 %),,0,11.75,11.75,0,0,17.0
13/04/2017,,,0,12.9,12.9,12.9,0.00 (0.00 %),,0,11.75,11.75,0,0,18.0
12/04/2017,,,0,12.9,12.9,12.9,0.00 (0.00 %),,0,11.75,11.75,0,0,19.0
11/04/2017,,,0,12.9,12.9,12.9,0.00 (0.00 %),,0,11.75,11.75,0,0,20.0
10/04/2017,,,0,12.9,12.9,12.9,0.00 (0.00 %),,0,11.75,11.75,0,0,21.0
07/04/2017,,,0,12.9,12.9,12.9,0.00 (0.00 %),,0,11.75,11.75,0,0,2.0
05/04/2017,,,0,12.9,12.9,12.9,0.00 (0.00 %),,0,11.75,11.75,0,0,3.0
04/04/2017,,,0,12.9,12.9,12.9,0.00 (0.00 %),,0,11.75,11.75,0,0,4.0
03/04/2017,,,0,12.9,12.9,12.9,0.00 (0.00 %),,0,11.75,11.75,0,0,5.0
31/03/2017,,,0,12.9,12.9,12.9,0.00 (0.00 %),,1290000,11.75,11.75,100,0,6.0
30/03/2017,,,0,12.5,12.9,12.9,0.40 (3.20 %),,1290000,11.75,11.75,100,0,7.0
29/03/2017,,,0,11.8,12.5,12.5,0.70 (5.93 %),,1250000,11.39,11.39,100,0,8.0
28/03/2017,,,0,11.5,9.8,13.1,1.60 (13.91 %),,36680000,10.78,11.93,3100,0,9.0
27/03/2017,,,0,11.5,11.5,11.5,0.00 (0.00 %),,0,10.48,10.48,0,0,10.0
24/03/2017,,,0,10.2,11.5,11.5,1.30 (12.75 %),,1150000,10.48,10.48,100,0,11.0
23/03/2017,,,0,9.7,8.3,11.1,1.40 (14.43 %),,61490000,9.34,10.11,6000,0,12.0
22/03/2017,,,0,11.4,9.7,9.7,-1.70 (-14.91 %),,1940000,8.84,8.84,200,0,13.0
21/03/2017,,,0,10.0,11.4,11.4,1.40 (14.00 %),,1140000,10.39,10.39,100,0,14.0
20/03/2017,,,0,10.2,10.0,10.0,-0.20 (-1.96 %),,6000000,9.11,9.11,600,0,15.0
17/03/2017,,,0,12.0,10.2,10.2,-1.80 (-15.00 %),,5100000,9.29,9.29,500,0,16.0
16/03/2017,,,0,12.6,12.0,11.9,-0.70 (-5.56 %),,32380000,10.93,10.84,2700,0,17.0
